id	route	location	kind	control	expected	observed	status	evidence	source
W001	/onboarding	Create organization	button	Submit blank	Show required field validation	11 required field messages shown	TESTED	staging AX onboarding validation 2026-09-27	src/routes/onboarding.index.tsx
W002	/onboarding	Create organization	form	Synthetic org fields	Save fictional organization and show wizard	UX Audit Synthetic 2026-09-27 created and wizard opened	TESTED	staging AX wizard org details 2026-09-27	src/routes/onboarding.index.tsx
W003	/onboarding/wizard	Next action	button	Next: Provider Group	Focus incomplete group section	Group heading focused	TESTED	staging AX wizard next action 2026-09-27	src/routes/onboarding.wizard.tsx
W004	/onboarding/wizard	Provider Group	button	Add group	Open form	Group form opened	TESTED	staging AX group dialog 2026-09-27	src/components/onboarding/ProviderGroupForm.tsx
W005	/onboarding/wizard	Group form	button	Save blank	Show required field validation	Name, TIN, state, billing address errors shown	TESTED	staging AX group validation 2026-09-27	src/components/onboarding/ProviderGroupForm.tsx
W006	/onboarding/wizard	Group form	button	Cancel	Close without save	Closed; reopened blank	TESTED	staging AX group dialog 2026-09-27	src/components/onboarding/ProviderGroupForm.tsx
W007	/onboarding/wizard	Group form	text field	Legal name	Accept synthetic legal name	UX Audit Test Group saved and reopened	TESTED	staging AX group edit 2026-09-27	src/components/onboarding/ProviderGroupForm.tsx
W008	/onboarding/wizard	Group form	text field	TIN	Format and persist TIN	99-9887766 shown after save	TESTED	staging AX wizard group row 2026-09-27	src/components/onboarding/ProviderGroupForm.tsx
W009	/onboarding/wizard	Group form	text field	Type 2 NPI	Accept and persist NPI	1234567893 retained on detail	TESTED	staging AX group facts 2026-09-27	src/components/onboarding/ProviderGroupForm.tsx
W010	/onboarding/wizard	Group form	multiselect	Operating states	Select and deselect CO	Both toggles worked; CO saved	TESTED	staging AX group form 2026-09-27	src/components/onboarding/ProviderGroupForm.tsx
W011	/onboarding/wizard	Group form	checkbox	Same as billing correspondence	Copy billing details	Copied values; checkbox reset on reopen as a quick fill	TESTED	staging AX group edit 2026-09-27	src/components/onboarding/ProviderGroupForm.tsx
W012	/onboarding/wizard	Group form	checkbox	Same as billing credentialing	Copy billing details	Copied values; checkbox reset on reopen as a quick fill	TESTED	staging AX group edit 2026-09-27	src/components/onboarding/ProviderGroupForm.tsx
W013	/onboarding/wizard	Group form	button	Save group	Persist and show feedback	Group row appeared and remained after refresh	TESTED	staging AX wizard group row 2026-09-27	src/components/onboarding/ProviderGroupForm.tsx
W014	/onboarding/wizard	Group row	button	Edit	Open persisted details	Saved fields reopened	TESTED	staging AX group edit 2026-09-27	src/components/onboarding/ProviderGroupForm.tsx
W015	/onboarding/wizard	Next action	button	Next: Facilities	Focus incomplete facilities section	Facilities heading focused	TESTED	staging AX wizard next action 2026-09-27	src/routes/onboarding.wizard.tsx
W016	/onboarding/wizard	Facilities	button	Add facility	Open form	Add facility dialog opened	TESTED	staging AX facility dialog 2026-09-27	src/components/onboarding/FacilityForm.tsx
W017	/onboarding/wizard	Facility form	button	Save blank	Show required field validation	Name, group, address, contact errors shown	TESTED	staging AX facility validation 2026-09-27	src/components/onboarding/FacilityForm.tsx
W018	/onboarding/wizard	Facility form	combobox	Provider group	Choose synthetic group	Group selected; inherited contact notice appeared	TESTED	staging AX facility dialog 2026-09-27	src/components/onboarding/FacilityForm.tsx
W019	/onboarding/wizard	Facility form	combobox	State	Choose CO	CO selected and persisted	TESTED	staging AX facility edit 2026-09-27	src/components/onboarding/FacilityForm.tsx
W020	/onboarding/wizard	Facility form	date picker	Go-live month navigation	Move next and previous month	Sep to Oct to Sep worked	TESTED	staging AX facility calendar 2026-09-27	src/components/DatePicker.tsx
W021	/onboarding/wizard	Facility form	date picker	Go-live choose date	Set and persist date	Sep 30, 2026 shown after save and reopen	TESTED	staging AX facility edit 2026-09-27	src/components/DatePicker.tsx
W022	/onboarding/wizard	Facility form	date picker	Go-live clear date	Clear optional date	Clicking selected Sep 30 changed trigger to Pick a date; cancel preserved saved date	TESTED	staging AX facility calendar 2026-09-27	src/components/DatePicker.tsx
W023	/onboarding/wizard	Facility form	button	Apply weekday default	Set Mon-Fri hours and weekends closed	Mon-Fri 07:00-19:00; Sat-Sun closed after save	TESTED	staging AX facility edit 2026-09-27	src/components/onboarding/FacilityForm.tsx
W024	/onboarding/wizard	Facility form	switch	Tuesday open	Toggle off and on	Switch changed and restored before save	TESTED	staging AX facility form 2026-09-27	src/components/onboarding/FacilityForm.tsx
W025	/onboarding/wizard	Facility form	button	Add language offered	Add English chip	Chip appeared and persisted	TESTED	staging AX facility edit 2026-09-27	src/components/onboarding/FacilityForm.tsx
W026	/onboarding/wizard	Facility form	button	Remove English	Remove chip	Chip removed; re-added before save	TESTED	staging AX facility form 2026-09-27	src/components/onboarding/FacilityForm.tsx
W027	/onboarding/wizard	Facility form	button	Add interpreter language	Add Spanish chip	Chip appeared and persisted	TESTED	staging AX facility edit 2026-09-27	src/components/onboarding/FacilityForm.tsx
W028	/onboarding/wizard	Facility form	combobox	ADA accessible	Choose Yes	Yes persisted on reopen	TESTED	staging AX facility edit 2026-09-27	src/components/onboarding/FacilityForm.tsx
W029	/onboarding/wizard	Facility form	button	Save facility	Persist and show feedback	Facility saved toast and row; persisted on edit	TESTED	staging AX wizard facility row 2026-09-27	src/components/onboarding/FacilityForm.tsx
W030	/onboarding/wizard	Facility form	button	Cancel edit	Discard unsaved date clearing	Closed; saved Sep 30 date remained	TESTED	staging AX facility edit 2026-09-27	src/components/onboarding/FacilityForm.tsx
W031	/onboarding/wizard	Providers	button	Add provider	Open form	Add provider dialog opened	TESTED	staging AX provider dialog 2026-09-27	src/components/onboarding/ProviderRosterForm.tsx
W032	/onboarding/wizard	Provider form	button	Save blank	Show required field validation	Group, first, last, NPI errors shown	TESTED	staging AX provider validation 2026-09-27	src/components/onboarding/ProviderRosterForm.tsx
W033	/onboarding/wizard	Provider form	checkbox	Assign group	Assign synthetic group	Checked; primary radio appeared	TESTED	staging AX provider form 2026-09-27	src/components/onboarding/ProviderRosterForm.tsx
W034	/onboarding/wizard	Provider form	combobox	Gender	Choose Female	Selected and form remained open	TESTED	staging AX provider form 2026-09-27	src/components/onboarding/ProviderRosterForm.tsx
W035	/onboarding/wizard	Provider form	combobox	Taxonomy	Choose Physical Therapist	225100000X shown	TESTED	staging AX provider form 2026-09-27	src/components/onboarding/ProviderRosterForm.tsx
W036	/onboarding/wizard	Provider form	date field	Start date keyboard/value	Enter Sep 1, 2026	2026-09-01 accepted with native setValue and persisted on save	TESTED	staging AX provider form 2026-09-27	src/components/onboarding/ProviderRosterForm.tsx
W037	/onboarding/wizard	Provider form	combobox	License state	Choose CO	CO selected and persisted	TESTED	staging AX provider form 2026-09-27	src/components/onboarding/LicenseListEditor.tsx
W038	/onboarding/wizard	Provider form	date field	License issued	Enter Jan 1, 2026	Native value accepted; saved	TESTED	staging AX provider form 2026-09-27	src/components/onboarding/LicenseListEditor.tsx
W039	/onboarding/wizard	Provider form	date field	License expires	Enter Jan 1, 2027	Saved; wizard showed soonest expiry Jan 1, 2027	TESTED	staging AX wizard provider row 2026-09-27	src/components/onboarding/LicenseListEditor.tsx
W040	/onboarding/wizard	Provider form	button	Save provider	Persist synthetic provider	Alex Audit row and toast appeared	TESTED	staging AX wizard provider row 2026-09-27	src/components/onboarding/ProviderRosterForm.tsx
W041	/onboarding/wizard	Assignments	button	Assign locations	Open assignment editor	Dialog opened with synthetic facility	TESTED	staging AX assignments dialog 2026-09-27	src/components/onboarding/AssignmentEditor.tsx
W042	/onboarding/wizard	Assignment editor	checkbox	Assign facility	Reveal primary and start date	Checked; primary and start date appeared	TESTED	staging AX assignments dialog 2026-09-27	src/components/onboarding/AssignmentEditor.tsx
W043	/onboarding/wizard	Assignment editor	button	Save without start date	Require date	Every assignment needs a start date shown	TESTED	staging AX assignments validation 2026-09-27	src/components/onboarding/AssignmentEditor.tsx
W044	/onboarding/wizard	Assignment editor	date picker	Start date	Select Sep 1, 2026	Date saved; row showed since Sep 1, 2026	TESTED	staging AX wizard assignments 2026-09-27	src/components/onboarding/AssignmentEditor.tsx
W045	/onboarding/wizard	Assignment editor	button	Save assignments	Persist and show feedback	Assignments saved toast and Complete status	TESTED	staging AX wizard assignments 2026-09-27	src/components/onboarding/AssignmentEditor.tsx
W046	/onboarding/wizard	Payer Network	button	Attach payer	Show available payers	10 enabled payers shown	TESTED	staging AX attach payer dialog 2026-09-27	src/routes/onboarding.wizard.tsx
W047	/onboarding/wizard	Attach payer	button	Tricare	Open target confirmation	CO group target displayed	TESTED	staging AX Attach Tricare 2026-09-27	src/routes/onboarding.wizard.tsx
W048	/onboarding/wizard	Attach payer	checkbox	CO target	Toggle inclusion	Unchecked disabled Save; rechecked enabled Save	TESTED	staging AX Attach Tricare 2026-09-27	src/routes/onboarding.wizard.tsx
W049	/onboarding/wizard	Attach payer	button	Save targets	Persist to synthetic org	Tricare attached toast and target row	TESTED	staging AX wizard payer network 2026-09-27	src/routes/onboarding.wizard.tsx
W050	/onboarding/wizard	Group policy	date popup	Native policy date calendar	Open browser date UI	Codex IAB tab crashed; app behavior unverified	BLOCKED	IAB tab 1 crash after native date pop-up 2026-09-27	src/components/groups/InsurancePanel.tsx
P001	/admin/payers/new	Name step	button	Continue blank	Require payer name	A payer name is required shown	TESTED	staging AX payer create 2026-09-27	src/routes/admin.payers_.new.tsx
P002	/admin/payers/new	Name step	text field	Payer name	Accept synthetic payer	Name accepted; no duplicate match; next step shown	TESTED	staging AX payer create 2026-09-27	src/routes/admin.payers_.new.tsx
P003	/admin/payers/new	Details	button	Create blank details	Require kind and state	Both validation messages shown	TESTED	staging AX payer create 2026-09-27	src/routes/admin.payers_.new.tsx
P004	/admin/payers/new	Details	combobox	Kind	Choose Commercial	Commercial selected and saved	TESTED	staging AX synthetic payer detail 2026-09-27	src/routes/admin.payers_.new.tsx
P005	/admin/payers/new	Details	multiselect	States	Choose CO	CO selected and saved	TESTED	staging AX synthetic payer detail 2026-09-27	src/routes/admin.payers_.new.tsx
P006	/admin/payers/new	Details	checkbox	Group-level ID	Reveal label field	Field shown; UX Test Group ID persisted	TESTED	staging AX synthetic payer detail 2026-09-27	src/routes/admin.payers_.new.tsx
P007	/admin/payers/new	Details	checkbox	Provider-level ID	Reveal label field	Field shown; UX Test Provider ID persisted	TESTED	staging AX synthetic payer detail 2026-09-27	src/routes/admin.payers_.new.tsx
P008	/admin/payers/new	Details	button	Add alias	Create alias chip	UX Audit Plan chip appeared and persisted	TESTED	staging AX synthetic payer detail 2026-09-27	src/routes/admin.payers_.new.tsx
P009	/admin/payers/new	Details	button	Create payer	Create synthetic catalog record	Created toast and detail page; ID a260326b-5046-4445-b301-89dfd4e2c5e1	TESTED	staging AX synthetic payer detail 2026-09-27	src/routes/admin.payers_.new.tsx
P010	/admin/payer-admin/setup/$payerId	Payer sections	tab	Enrollments	Show payer enrollments	Empty state; read-only explanation	TESTED	staging AX synthetic payer tabs 2026-09-27	src/routes/admin.payer-admin.setup_.$payerId.tsx
P011	/admin/payer-admin/setup/$payerId	Payer sections	tab	Cases	Show payer cases	No open cases state	TESTED	staging AX synthetic payer tabs 2026-09-27	src/routes/admin.payer-admin.setup_.$payerId.tsx
P012	/admin/payer-admin/setup/$payerId	Payer sections	tab	Templates	Show templates	No template and Author template link	TESTED	staging AX synthetic payer tabs 2026-09-27	src/routes/admin.payer-admin.setup_.$payerId.tsx
P013	/admin/payer-admin/setup/$payerId	Payer sections	tab	Portals	Show portals	No portals state	TESTED	staging AX synthetic payer tabs 2026-09-27	src/routes/admin.payer-admin.setup_.$payerId.tsx
P014	/admin/payer-admin/setup/$payerId	Payer sections	tab	Scorecard	Show derived metrics	No data metrics shown as n/a	TESTED	staging AX synthetic payer tabs 2026-09-27	src/routes/admin.payer-admin.setup_.$payerId.tsx
P015	/admin/payer-admin/setup/$payerId	Payer sections	tab	Manage	Show archive and merge options	Both actions shown	TESTED	staging AX synthetic payer tabs 2026-09-27	src/routes/admin.payer-admin.setup_.$payerId.tsx
P016	/admin/payer-admin/setup	Catalog	text field	Search payers	Filter by name	UX Audit returned only synthetic payer; clearing restored 11	TESTED	staging AX payer setup search 2026-09-27	src/components/payer-admin/PayerSetupPage.tsx
P017	/admin/payer-admin/setup	Quick filters	checkbox	Needs Template	Show payers missing a template	Oscar and synthetic payer; 2 of 2 shown	TESTED	staging AX payer setup quick filters 2026-09-27	src/components/payer-admin/PayerSetupPage.tsx
P018	/admin/payer-admin/setup	Quick filters	checkbox	Form Not Proven	Show payers needing proof	5 of 5 shown	TESTED	staging AX payer setup quick filters 2026-09-27	src/components/payer-admin/PayerSetupPage.tsx
P019	/admin/payer-admin/setup	Quick filters	checkbox	Drift Detected	Show drift subset or empty state	0 count; No payers match these filters	TESTED	staging AX payer setup empty filter 2026-09-27	src/components/payer-admin/PayerSetupPage.tsx
P020	/admin/payer-admin/setup	Quick filters	checkbox	All Payers	Reset quick filter	11 payer total restored	TESTED	staging AX payer setup quick filters 2026-09-27	src/components/payer-admin/PayerSetupPage.tsx
P021	/admin/payer-admin/setup	Filters	combobox	State	Filter by state	CO selected; 8 payers shown; All states restored	TESTED	staging AX payer setup state filter 2026-09-27	src/components/payer-admin/PayerSetupPage.tsx
P022	/admin/payer-admin/setup	Filters	combobox	Kind	Filter by payer kind	Medicare with CO showed Humana and Medicare; reset worked	TESTED	staging AX payer setup kind filter 2026-09-27	src/components/payer-admin/PayerSetupPage.tsx
P023	/admin/payer-admin/setup	Filters	checkbox	Show archived	Include archived rows	Checkbox changed to checked; no archived fixture existed to validate row inclusion	TESTED	staging AX payer setup archived filter 2026-09-27	src/components/payer-admin/PayerSetupPage.tsx
P024	/admin/payer-admin/setup	Pagination	button	Next	Show next page	Page 2 showed synthetic payer row 11 of 11	TESTED	staging AX payer setup pagination 2026-09-27	src/components/payer-admin/PayerSetupPage.tsx
P025	/admin/payer-admin/setup	Pagination	button	Prev	Return to first page	Rows 1-10 of 11 restored	TESTED	staging AX payer setup pagination 2026-09-27	src/components/payer-admin/PayerSetupPage.tsx
P026	/admin/payer-admin/setup	Pagination	combobox	Rows per page	Change row count	5 showed 1-5 of 11; 25 showed 1-11 of 11	TESTED	staging AX payer setup page size 2026-09-27	src/components/payer-admin/PayerSetupPage.tsx
P027	/admin/payer-admin/setup	Payer row	link	Synthetic payer	Open detail	Synthetic payer detail opened	TESTED	staging AX payer setup detail 2026-09-27	src/components/payer-admin/PayerSetupPage.tsx
P028	/admin/payer-admin/setup/$payerId	Overview	button	Add alias	Open alias editor	New alias input Add and Cancel appeared	TESTED	staging AX payer overview alias 2026-09-27	src/components/payer-admin/PayerOverviewTab.tsx
P029	/admin/payer-admin/setup/$payerId	Alias editor	button	Cancel	Discard alias draft	UX Audit Alternate draft discarded	TESTED	staging AX payer overview alias 2026-09-27	src/components/payer-admin/PayerOverviewTab.tsx
P030	/admin/payer-admin/setup/$payerId	Alias editor	button	Add	Persist synthetic alias	UX Audit Alternate chip appeared	TESTED	staging AX payer overview alias 2026-09-27	src/components/payer-admin/PayerOverviewTab.tsx
P031	/admin/payer-admin/setup/$payerId	Alias chip	button	Remove alias	Remove synthetic alias	Alternate chip removed; original alias remained	TESTED	staging AX payer overview alias 2026-09-27	src/components/payer-admin/PayerOverviewTab.tsx
P032	/admin/payer-admin/setup/$payerId	Contacts	button	Add contact	Open contact form	Purpose email phone name notes default controls appeared	TESTED	staging AX payer contact form 2026-09-27	src/components/payer-admin/PayerOverviewTab.tsx
P033	/admin/payer-admin/setup/$payerId	Contact form	button	Add blank	Require email or phone	Inline validation appeared	TESTED	staging AX payer contact validation 2026-09-27	src/components/payer-admin/PayerOverviewTab.tsx
P034	/admin/payer-admin/setup/$payerId	Contact form	combobox	Purpose	Choose Enrollment	Enrollment selected	TESTED	staging AX payer contact purpose 2026-09-27	src/components/payer-admin/PayerOverviewTab.tsx
P035	/admin/payer-admin/setup/$payerId	Contact form	checkbox	Make default	Mark synthetic contact default	Checked and saved row labeled Default	TESTED	staging AX payer contact default 2026-09-27	src/components/payer-admin/PayerOverviewTab.tsx
P036	/admin/payer-admin/setup/$payerId	Contact form	button	Add contact	Save fictional details	Contact row showed example.test email 303-555 phone and notes	TESTED	staging screenshot and AX payer contact 2026-09-27	src/components/payer-admin/PayerOverviewTab.tsx
P037	/admin/payer-admin/setup/$payerId	Contact form	validation	Stale email-or-phone error	Clear error once either field becomes valid	Error remained visible with valid email and phone until Add succeeded	FAILED	staging screenshot payer contact after valid fields 2026-09-27	src/components/payer-admin/PayerOverviewTab.tsx
P038	/admin/payer-admin/setup/$payerId	Contact row	button	Remove	Remove synthetic contact	Removed immediately with toast; empty state returned	TESTED	staging AX payer contact removal 2026-09-27	src/components/payer-admin/PayerOverviewTab.tsx
P039	/admin/payer-admin/setup/$payerId	Overview	button	Edit payer	Open catalog facts editor	Editor opened with identity states IDs delegation fields	TESTED	staging AX payer edit 2026-09-27	src/components/payer-admin/PayerDetailPage.tsx
P040	/admin/payer-admin/setup/$payerId	Edit payer	multiselect	Operating states	Search and toggle state draft	NY search narrowed list; selecting raised count to 2	TESTED	staging AX payer state editor 2026-09-27	src/components/payer-admin/PayerDetailPage.tsx
P041	/admin/payer-admin/setup/$payerId	Edit payer	button	Cancel	Discard state draft	State coverage returned to CO only	TESTED	staging AX payer edit cancel 2026-09-27	src/components/payer-admin/PayerDetailPage.tsx
P042	/admin/payer-admin/setup/$payerId	Overview	button	View scorecard	Select Scorecard tab	URL tab=scorecard; scorecard panel displayed	TESTED	staging AX payer scorecard shortcut 2026-09-27	src/components/payer-admin/PayerDetailPage.tsx
P043	/admin/payer-admin/setup/$payerId	Manage	button	Archive payer	Open archive confirmation	Dialog warned hidden from Setup and no new cases; cancelled	TESTED	staging AX payer archive dialog 2026-09-27	src/components/payer-admin/PayerManageTab.tsx
P044	/admin/payer-admin/setup/$payerId	Archive dialog	button	Archive payer	Archive synthetic payer with open case	Stopped before final write; synthetic case C-1071 is open and archive would hide payer; backend blocker only runs on submit	BLOCKED	staging AX archive dialog 2026-09-27	src/components/payer-admin/PayerManageTab.tsx
P045	/admin/payer-admin/setup/$payerId	Manage	button	Merge payer	Open merge confirmation	Survivor selector and irreversible warning displayed	TESTED	staging AX payer merge dialog 2026-09-27	src/components/payer-admin/PayerManageTab.tsx
P046	/admin/payer-admin/setup/$payerId	Merge dialog	combobox	Surviving payer	Select candidate without mutation	Aetna selected; Merge enabled	TESTED	staging AX payer merge dialog 2026-09-27	src/components/payer-admin/PayerManageTab.tsx
P047	/admin/payer-admin/setup/$payerId	Merge dialog	button	Merge	Repoint templates IDs and open cases	Stopped before final irreversible merge into real Aetna catalog record	BLOCKED	staging AX merge warning and enabled final button 2026-09-27	src/components/payer-admin/PayerManageTab.tsx
T001	/admin/templates/new	Wizard	link	Add template	Open payer-prefilled wizard	New template opened for synthetic payer	TESTED	staging AX template wizard 2026-09-27	src/components/templates/TemplateWizard.tsx
T002	/admin/templates/new	Wizard	button	Next Basics	Advance to Actions	Advanced even with blank name and state; Review later labeled state required	TESTED	staging AX template wizard Basics to Actions 2026-09-27	src/components/templates/TemplateWizard.tsx
T003	/admin/templates/new	Actions	menu	Add action	Offer action seed types	Portal Email Payer PDF Custom listed	TESTED	staging AX template action menu 2026-09-27	src/components/templates/TemplateWizard.tsx
T004	/admin/templates/new	Actions	menu item	Custom action	Create custom checklist item	Single-step Custom action editor appeared	TESTED	staging AX template custom action 2026-09-27	src/components/templates/TemplateWizard.tsx
T005	/admin/templates/new	Actions	button	Add field	Add a data field row	Blank input token selector and unlabeled remove icon appeared	TESTED	staging AX template data field 2026-09-27	src/components/templates/TemplateWizard.tsx
T006	/admin/templates/new	Data field	combobox	Token	Choose profile token	provider.npi selected	TESTED	staging AX template data token 2026-09-27	src/components/templates/TemplateWizard.tsx
T007	/admin/templates/new	Data field	icon button	Remove field	Remove row and announce purpose	Row removed; AX button had no accessible name	FAILED	staging AX template unnamed button 2026-09-27	src/components/templates/TemplateTaskRow.tsx
T008	/admin/templates/new	Step	combobox	Required document	Add document requirement	State License chip appeared	TESTED	staging AX template document 2026-09-27	src/components/templates/TemplateWizard.tsx
T009	/admin/templates/new	Step	button	Remove State License	Remove requirement	Chip removed	TESTED	staging AX template document removal 2026-09-27	src/components/templates/TemplateWizard.tsx
T010	/admin/templates/new	Action	button	Add another step	Convert action to multi-step	Second Portal step and execution type controls appeared	TESTED	staging AX template multi-step 2026-09-27	src/components/templates/TemplateWizard.tsx
T011	/admin/templates/new	Second step	icon button	Remove step	Return to single-step editor and announce purpose	Second step removed; AX button had no accessible name	FAILED	staging AX template unnamed step button 2026-09-27	src/components/templates/TemplateTaskRow.tsx
T012	/admin/templates/new	Step	combobox	Mode Email	Show email draft fields	To Cc Subject Body token insertion appeared; copy says product drafts but never sends	TESTED	staging AX template email mode 2026-09-27	src/components/templates/TemplateWizard.tsx
T013	/admin/templates/new	Email step	button	Add To	Add recipient source row	Address input appeared; source toggled to profile token	TESTED	staging AX template email To 2026-09-27	src/components/templates/TemplateWizard.tsx
T014	/admin/templates/new	Email step	combobox	Recipient token	Choose profile email token	Provider Group Facility email token choices shown	TESTED	staging AX template recipient token 2026-09-27	src/components/templates/TemplateWizard.tsx
T015	/admin/templates/new	Email step	button	Add Cc	Add Cc recipient row	Cc input appeared	TESTED	staging AX template email Cc 2026-09-27	src/components/templates/TemplateWizard.tsx
T016	/admin/templates/new	Email step	button	Remove To	Remove draft To recipient	To recipient chip removed; no recipients guidance returned	TESTED	staging AX template email recipients 2026-09-27	src/components/templates/TemplateWizard.tsx
T023	/admin/templates/new	Email step	button	Remove Cc	Remove draft Cc recipient	Cc recipient chip removed; no recipients guidance returned	TESTED	staging AX template email recipients 2026-09-27	src/components/templates/TemplateWizard.tsx
T017	/admin/templates/new	Wizard	button	Review	Show scope and action preview	Blank name and state called out; custom action preview rendered	TESTED	staging AX template Review 2026-09-27	src/components/templates/TemplateWizard.tsx
T018	/admin/templates/new	Basics	multiselect	States	Choose CO scope	CO selected; group list enabled; persisted during wizard	TESTED	staging AX template state picker 2026-09-27	src/components/templates/TemplateWizard.tsx
T019	/admin/templates/new	Basics	combobox	Group	Limit to synthetic group	UX Audit Test Group selected; header changed to global this group only	TESTED	staging AX template group scope 2026-09-27	src/components/templates/TemplateWizard.tsx
T020	/admin/templates/new	Basics	checkboxes	Required CAQH ID attestation NPI DOB SSN4	Toggle individual generation prerequisites	Each toggled on and off; NPI left on in draft	TESTED	staging AX template requirements 2026-09-27	src/components/templates/TemplateWizard.tsx
T021	/admin/templates/new	Wizard	button	Save draft	Persist WIP without publication	Saving then idle on same route; no durable draft listing or confirmation observed	BLOCKED	staging AX repeated Save draft and Templates tab 2026-09-27	src/components/templates/TemplateWizard.tsx
T022	/admin/templates/new	Wizard	button	Cancel	Return to payer without publishing	Navigated to payer Templates tab; still no published template	TESTED	staging AX template Cancel 2026-09-27	src/components/templates/TemplateWizard.tsx
C063	/cases	KPI	checkbox	In Progress	Filter cases in progress	Selected 1 of 1 in-progress case	TESTED	staging AX Cases KPI 2026-09-27	src/routes/cases.index.tsx
C064	/cases	KPI	checkbox	Awaiting Effective Date	Show matching cases or empty state	0 count; Nothing matches these filters	TESTED	staging AX Cases KPI 2026-09-27	src/routes/cases.index.tsx
C065	/cases	KPI	checkbox	Denied / Appeal	Show matching cases or empty state	0 count; Nothing matches these filters	TESTED	staging AX Cases KPI 2026-09-27	src/routes/cases.index.tsx
C066	/cases	Filters	button	Reset filters	Restore full case list	Two cases shown after generation; state and status cleared	TESTED	staging AX Cases reset 2026-09-27	src/routes/cases.index.tsx
C067	/cases	Filters	text field	Search cases	Filter by provider or payer	Absent term showed empty state; Alex found synthetic case	TESTED	staging AX Cases search 2026-09-27	src/routes/cases.index.tsx
C068	/cases	Filters	combobox	State	Filter case states	CO selected; matching row retained	TESTED	staging AX Cases state filter 2026-09-27	src/routes/cases.index.tsx
C069	/cases	Filters	combobox	Status	Filter case statuses	Denied selected; empty state shown; Reset restored all	TESTED	staging AX Cases status filter 2026-09-27	src/routes/cases.index.tsx
C070	/cases	Flat table	buttons	Sort seven columns	Change active sort column	Clicked Case Provider Payer State Status Last touch Days open; visual arrow moved to Days open	TESTED	staging screenshot Cases sort 2026-09-27	src/routes/cases.index.tsx
C071	/cases	Views	tab	By provider	Group case rows by provider	Alex Audit card displayed	TESTED	staging AX Cases provider view 2026-09-27	src/routes/cases.index.tsx
C072	/cases	Provider group	button	Expand	Show cases beneath provider	C-1071 row appeared	TESTED	staging AX Cases provider expand 2026-09-27	src/routes/cases.index.tsx
C073	/cases	Views	tab	By payer	Group case rows by payer	Synthetic payer card displayed	TESTED	staging AX Cases payer view 2026-09-27	src/routes/cases.index.tsx
C074	/cases	Payer group	button	Expand	Show cases beneath payer	C-1071 row appeared	TESTED	staging AX Cases payer expand 2026-09-27	src/routes/cases.index.tsx
C075	/cases	Views	tab	Matrix	Show provider by payer status grid	Synthetic group CO row with Tricare and synthetic payer cells	TESTED	staging AX Cases Matrix 2026-09-27	src/routes/cases.index.tsx
C076	/cases	Matrix	combobox	Filter by payer	Narrow matrix columns	Synthetic payer selected; Tricare column hidden; All restored	TESTED	staging AX Cases Matrix filter 2026-09-27	src/routes/cases.index.tsx
C077	/cases	Matrix	combobox	Group by	Switch State or Group grouping	Group by Group changed heading to synthetic group	TESTED	staging AX Cases Matrix grouping 2026-09-27	src/routes/cases.index.tsx
C078	/cases	Matrix cell	popover	Ungenerated Tricare case	Show status and generation action	Not started CO and Generate case link appeared	TESTED	staging AX Cases Matrix cell 2026-09-27	src/routes/cases.index.tsx
C079	/cases	Matrix cell	link	Generate case	Open scoped generation queue	Opened /generation with provider payer group query	TESTED	staging AX generation link 2026-09-27	src/routes/cases.index.tsx
C080	/cases	Generation result	button	Show all cases	Clear run-only filter	C-1071 and C-1072 displayed	TESTED	staging AX generation result 2026-09-27	src/routes/cases.index.tsx
C081	/cases	Bulk touch	button	Add touch	Open multi-case touch form	Dialog listed both synthetic cases	TESTED	staging AX bulk touch 2026-09-27	src/components/cases/AddTouchDialog.tsx
C082	/cases	Bulk touch	button	Save without case	Require at least one selected case	Select at least one case toast	TESTED	staging AX bulk touch validation 2026-09-27	src/components/cases/AddTouchDialog.tsx
C083	/cases	Bulk touch	checkbox	Select all	Select both synthetic cases	2 selected and both checked	TESTED	staging AX bulk touch select all 2026-09-27	src/components/cases/AddTouchDialog.tsx
C084	/cases	Bulk touch	checkbox	Individual case	Deselect one case	1 selected; Select all unchecked	TESTED	staging AX bulk touch select one 2026-09-27	src/components/cases/AddTouchDialog.tsx
C085	/cases	Bulk touch	button	Cancel	Discard bulk touch draft	Dialog closed; no new touch logged	TESTED	staging AX bulk touch cancel 2026-09-27	src/components/cases/AddTouchDialog.tsx
N001	/generation	Grouping	tab	By provider	Group candidates by provider	Alex Audit row with Tricare target and 7 readiness gaps	TESTED	staging AX generation by provider 2026-09-27	src/routes/generation.tsx
N002	/generation	Grouping	tab	By payer	Group candidates by payer	Tricare row with Alex Audit target	TESTED	staging AX generation by payer 2026-09-27	src/routes/generation.tsx
N003	/generation	Selection	checkbox	Select all candidates	Toggle batch selection	Off yielded zero and disabled create; individual on restored one	TESTED	staging AX generation selection 2026-09-27	src/routes/generation.tsx
N004	/generation	Release	text field	Count cap	Limit generated cases	0 disabled create; 1 enabled create one	TESTED	staging AX generation cap 2026-09-27	src/routes/generation.tsx
N005	/generation	Candidate	button	Exclude	Open persistent exclusion dialog	Reason selector note and future-run explanation shown	TESTED	staging AX generation exclusion 2026-09-27	src/routes/generation.tsx
N006	/generation	Exclusion dialog	combobox	Reason Other	Require explanatory note	Other changed note label to required; blank Exclude showed validation	TESTED	staging AX generation exclusion validation 2026-09-27	src/routes/generation.tsx
N007	/generation	Exclusion dialog	button	Cancel	Preserve candidate	Candidate remained selected after closing	TESTED	staging AX generation exclusion cancel 2026-09-27	src/routes/generation.tsx
N008	/generation	Release	button	Confirm and create	Create selected synthetic-org case	Run 7d225621 created C-1072 Tricare case; result showed 1 created 0 skipped 0 excluded	TESTED	staging AX generation run 2026-09-27	src/routes/generation.tsx
O001	/org-detail	Header	link	Open setup wizard	Return to synthetic org setup	Clicked Open setup wizard; synthetic wizard loaded	TESTED	staging AX Org Detail 2026-09-27	src/routes/org-detail.tsx
O002	/org-detail	People	button	Add person	Open person form	Form opened with identity contact address role fields	TESTED	staging AX Org Detail person 2026-09-27	src/components/org/PartiesManager.tsx
O003	/org-detail	Person form	button	Add blank	Show required errors	Eight required messages displayed	TESTED	staging AX Org Detail validation 2026-09-27	src/components/org/PartiesManager.tsx
O004	/org-detail	Person form	combobox	Role	Choose Credentialing Contact	Role selected and later displayed on row	TESTED	staging AX Org Detail person role 2026-09-27	src/components/org/PartiesManager.tsx
O005	/org-detail	Person form	validation	Clear corrected required errors	Remove error once fields valid	Errors stayed visible under populated fields until Add succeeded	FAILED	staging screenshot Org Detail filled form with errors 2026-09-27	src/components/org/PartiesManager.tsx
O006	/org-detail	Person form	button	Add person	Persist synthetic person	Taylor Fixture appeared with role and fictional contact details	TESTED	staging AX Org Detail person add 2026-09-27	src/components/org/PartiesManager.tsx
O007	/org-detail	Person row	button	Edit	Open saved person details	Synthetic record reopened	TESTED	staging AX Org Detail edit 2026-09-27	src/components/org/PartiesManager.tsx
O008	/org-detail	Edit person	button	Cancel	Discard draft title	Reopened blank title after cancel	TESTED	staging AX Org Detail edit cancel 2026-09-27	src/components/org/PartiesManager.tsx
O009	/org-detail	Edit person	button	Save	Persist synthetic title	Synthetic Coordinator visible on reopen	TESTED	staging AX Org Detail edit save 2026-09-27	src/components/org/PartiesManager.tsx
O010	/org-detail	Person row	combobox	Add role	Offer unassigned roles	Billing Contact selected; assigned role disabled in list	TESTED	staging AX Org Detail roles 2026-09-27	src/components/org/PartiesManager.tsx
O011	/org-detail	Person role	button	Remove Billing Contact	Remove synthetic extra role	Role chip disappeared	TESTED	staging AX Org Detail role removal 2026-09-27	src/components/org/PartiesManager.tsx
O012	/org-detail	Access	combobox	Current Admin role	Inspect role choices without changing user access	Specialist Billing Admin offered; Admin retained	BLOCKED	staging AX Org Detail access choices 2026-09-27	src/components/settings/MembersPanel.tsx
O013	/org-detail	Person row	button	Remove	Open recoverable removal confirmation	Dialog said person record remains for reuse; Cancel kept row	TESTED	staging AX Org Detail remove dialog 2026-09-27	src/components/org/PartiesManager.tsx
O014	/org-detail	Remove person dialog	button	Remove synthetic person	Detach Taylor Fixture from synthetic org	Row disappeared; existing two original synthetic contacts retained	TESTED	staging AX Org Detail person removal 2026-09-27	src/components/org/PartiesManager.tsx
G001	/groups/$groupId/payer-network	Payer row	button	Add group ID	Open per-state ID dialog	CO input shown; cancelled without asserting issued ID	TESTED	staging AX group identifier dialog 2026-09-27	src/routes/groups.$groupId.payer-network.tsx
G002	/groups/$groupId/payer-network	Payer row	button	Show providers	Expand provider status	Alex Audit CO Awaiting generation shown	TESTED	staging AX group payer network 2026-09-27	src/routes/groups.$groupId.payer-network.tsx
G003	/groups/$groupId/payer-network	Group identifier dialog	button	Save unissued ID	Would assert a real payer-issued group identifier	Stopped before final write; synthetic org has no issued Tricare ID	BLOCKED	staging AX group identifier dialog 2026-09-27	src/routes/groups.$groupId.payer-network.tsx
R001	/reporting	Credentialing cards	link	Group Contracts Matrix	Open report	Report route opened then displayed load failure	FAILED	staging AX /reporting/contracts-matrix 2026-09-27	src/routes/reporting.contracts-matrix.tsx
R002	/reporting/contracts-matrix	Failure state	button	Retry	Recover transient load failure	Returned to same Failed to load group contracts matrix state	FAILED	staging AX /reporting/contracts-matrix after Retry 2026-09-27	src/components/reports/GroupContractsMatrix.tsx
R003	/reporting/contracts-matrix	Contract drawer	date fields	Tentative effective expiration	Open and compare native date controls	Drawer inaccessible because matrix query fails after Retry	BLOCKED	staging AX matrix failure 2026-09-27	src/components/reports/ContractDetailDrawer.tsx
R004	/reporting/audit-log	Filters	date field	From	Filter by date	2026-09-26 accepted; seven matching events returned after loading	TESTED	staging AX audit log 2026-09-27	src/components/reporting/AuditLogReport.tsx
R005	/reporting/audit-log	Filters	date field	To	Filter by date	2026-09-27 accepted; seven matching events returned after loading	TESTED	staging AX audit log 2026-09-27	src/components/reporting/AuditLogReport.tsx
R006	/reporting/audit-log	Filters	date input	Clear From	Clear from date filter	From value cleared; remaining events shown	TESTED	staging AX audit log 2026-09-27	src/components/reporting/AuditLogReport.tsx
R065	/reporting/audit-log	Filters	date input	Clear To	Clear to date filter	To value cleared; remaining events shown	TESTED	staging AX audit log 2026-09-27	src/components/reporting/AuditLogReport.tsx
R007	/reporting/audit-log	Filters	date field	Invalid Feb 30	Reject impossible date	Browser rejected 2026-02-30; field unchanged	TESTED	staging AX audit log input rejection 2026-09-27	src/components/reporting/AuditLogReport.tsx
R008	/reporting/audit-log	Filters	combobox	Action UPDATE	Filter audit events by action	One UPDATE event displayed	TESTED	staging AX audit log action filter 2026-09-27	src/components/reporting/AuditLogReport.tsx
R009	/reporting/audit-log	Filters	combobox	Entity provider_facility_assignment	Filter events by entity	Matching assignment event displayed	TESTED	staging AX audit log entity filter 2026-09-27	src/components/reporting/AuditLogReport.tsx
R010	/reporting/audit-log	Filters	button	Reset	Clear applied filters	Seven events restored	TESTED	staging AX audit log reset 2026-09-27	src/components/reporting/AuditLogReport.tsx
R011	/reporting/audit-log	Audit row	row action	Expand event	Show event diff	Clicked row chevron; diff expanded	TESTED	staging screenshot audit log expanded event 2026-09-27	src/components/reporting/AuditLogReport.tsx
R012	/reporting/audit-log	Filters	combobox	User	Show resolved user names	Initially showed raw 7be296c5 despite Sowmya S in row; later resolved after filtering	FAILED	staging AX audit log user selector 2026-09-27	src/components/reporting/AuditLogReport.tsx
R013	/reporting/billing-readiness	Clearance Lookup	text field	Provider search	Find synthetic provider	Alex Audit option appeared	TESTED	staging AX clearance lookup 2026-09-27	src/components/reporting/BillingReadinessReport.tsx
R014	/reporting/billing-readiness	Clearance Lookup	combobox	Provider	Select Alex Audit	Provider selected	TESTED	staging AX clearance lookup 2026-09-27	src/components/reporting/BillingReadinessReport.tsx
R015	/reporting/billing-readiness	Clearance Lookup	combobox	Facility	Select synthetic facility	Facility selected	TESTED	staging AX clearance lookup 2026-09-27	src/components/reporting/BillingReadinessReport.tsx
R016	/reporting/billing-readiness	Clearance Lookup	combobox	Payer	Select Tricare	Do Not Bill result with reason list rendered	TESTED	staging AX clearance lookup 2026-09-27	src/components/reporting/BillingReadinessReport.tsx
R017	/reporting/billing-readiness	Tabs	tab	Change Feed	Show readiness changes	Feed tab opened	TESTED	staging AX change feed 2026-09-27	src/components/reporting/BillingReadinessReport.tsx
R018	/reporting/billing-readiness	Change Feed	button	Newly Billable Digest export	Download CSV or show error	newly-billable-digest (2).csv present in Downloads with expected header and no rows	TESTED	staging AX and Downloads 2026-09-27	src/components/reporting/BillingChangeFeed.tsx
R019	/reporting/portfolio	Organization card	link	Synthetic organization	Open its work queue	Navigated to /cases with synthetic org active	TESTED	staging AX portfolio card 2026-09-27	src/routes/reporting.portfolio.tsx
R020	/reporting/portfolio	Share report	button	Create share link	Create share scoped to synthetic organization only	Link issued for audit@example.test; public view showed one synthetic org; link later revoked	TESTED	staging AX share issuance and read-only view 2026-09-27	src/components/reporting/ShareReportPanel.tsx
R021	/reporting/denials	Breadcrumb	link	Reporting Center	Return to report index	Link navigated to report index	TESTED	staging AX reporting breadcrumb 2026-09-27	src/routes/reporting.denials.tsx
R022	/reporting/portfolio	Share report	combobox	Scope	Limit share to a single org	Single-organization selection revealed org picker	TESTED	staging AX portfolio share scope 2026-09-27	src/components/reporting/ShareReportPanel.tsx
R023	/reporting/portfolio	Share report	combobox	Organization	Select exact synthetic org	UX Audit Synthetic selected; public view included only this org	TESTED	staging AX portfolio share org and public view 2026-09-27	src/components/reporting/ShareReportPanel.tsx
R024	/reporting/portfolio	Share report	text field	Recipient email	Validate address before creating link	audit@example.test enabled Create share link; source confirms no email send	TESTED	staging AX portfolio recipient and source 2026-09-27	src/components/reporting/ShareReportPanel.tsx
R025	/reporting/portfolio	Issued share	button	Copy	Copy one-time link with feedback	Link copied toast shown	TESTED	staging AX portfolio share copy 2026-09-27	src/components/reporting/ShareReportPanel.tsx
R026	/reporting/portfolio	Active share	button	Revoke	Deny access to issued link	Share disappeared; public link after refresh said no longer valid	TESTED	staging AX revoked share view 2026-09-27	src/components/reporting/ShareReportPanel.tsx
R027	/reporting/portfolio	Share report	button	Create another share	Return to share form	Button visible after issuance; form reset after navigation, direct click not observed	BLOCKED	staging AX issued share 2026-09-27	src/components/reporting/ShareReportPanel.tsx
R028	/reporting/billing-readiness	Change Feed	combobox	Date range	Filter recorded changes by window	Last 90 days selected; empty feed remained	TESTED	staging AX billing feed 90 days 2026-09-27	src/components/reporting/BillingChangeFeed.tsx
R029	/reporting/billing-readiness	Change Feed	combobox	Facility	Filter to synthetic facility	Synthetic facility selected; empty feed remained	TESTED	staging AX billing feed facility 2026-09-27	src/components/reporting/BillingChangeFeed.tsx
R030	/reporting/billing-readiness	Change Feed	combobox	Payer	Filter to synthetic payer	Synthetic payer selected; empty feed remained	TESTED	staging AX billing feed payer 2026-09-27	src/components/reporting/BillingChangeFeed.tsx
R031	/reporting/rosters/templates	Template row	combobox	BCBS export grain	Select provider/provider-location/provider-location-TIN	Provider + location selected; mapping start returned incomplete or invalid request	FAILED	staging AX BCBS roster grain 2026-09-27	src/routes/reporting.rosters.templates.tsx
R032	/reporting/rosters/templates	Template row	button	BCBS Map fields	Open mapping at selected grain	Provider+location attempt showed error; Provider grain opened mapping route	FAILED	staging AX BCBS roster mapping 2026-09-27	src/routes/reporting.rosters.templates.tsx
R033	/reporting/rosters/mapping/$id	Source scope	checkbox	Select provider	Add synthetic provider to preview	Alex Audit selected; one row preview after Save	TESTED	staging AX roster mapping provider 2026-09-27	src/routes/reporting.rosters.mapping.$id.tsx
R034	/reporting/rosters/mapping/$id	Source scope	checkbox	Select group	Scope group fields	Synthetic group selected	TESTED	staging AX roster mapping group 2026-09-27	src/routes/reporting.rosters.mapping.$id.tsx
R035	/reporting/rosters/mapping/$id	Source scope	checkbox	Select location	Scope facility fields	Synthetic facility selected	TESTED	staging AX roster mapping facility 2026-09-27	src/routes/reporting.rosters.mapping.$id.tsx
R036	/reporting/rosters/mapping/$id	Field mapping	combobox	Source for First Name	Map template field to provider field	providers.first_name selected; preview showed ALEX after uppercase transform	TESTED	staging AX roster first name mapping 2026-09-27	src/routes/reporting.rosters.mapping.$id.tsx
R037	/reporting/rosters/mapping/$id	Field mapping	combobox	Transform for First Name	Apply deterministic transform	Uppercase selected; preview showed ALEX	TESTED	staging AX roster uppercase 2026-09-27	src/routes/reporting.rosters.mapping.$id.tsx
R038	/reporting/rosters/mapping/$id	Header	button	Save mapping	Persist synthetic mapping and revision	Saved as UX Audit Synthetic BCBS Mapping revision 3; one-row preview	TESTED	staging AX roster mapping save 2026-09-27	src/routes/reporting.rosters.mapping.$id.tsx
R039	/reporting/rosters/mapping/$id	Footer	link	Review validation	Open current source validation	19 hard errors and draft schema warning displayed	TESTED	staging AX roster validation 2026-09-27	src/routes/reporting.rosters.mapping.$id.tsx
R040	/reporting/rosters/validation/$id	Header	button	Refresh validation	Recompute current issues	Button entered pending then returned; counts persisted	TESTED	staging AX roster validation refresh 2026-09-27	src/routes/reporting.rosters.validation.$id.tsx
R041	/reporting/rosters/validation/$id	Issues toolbar	switch	Errors only	Hide warnings	Draft-schema warning row disappeared	TESTED	staging AX roster errors-only 2026-09-27	src/routes/reporting.rosters.validation.$id.tsx
R042	/reporting/rosters/validation/$id	Issue table	row	Select missing NPI issue	Show row detail and override eligibility	Row detail showed reason field and 20-character minimum	TESTED	staging AX roster issue detail 2026-09-27	src/routes/reporting.rosters.validation.$id.tsx
R043	/reporting/rosters/validation/$id	Issue detail	button	Record override	Record audited exception for synthetic row	One override saved with test-only reason; hard errors reduced from 19 to 18	TESTED	staging AX roster override 2026-09-27	src/routes/reporting.rosters.validation.$id.tsx
R044	/reporting/rosters/validation/$id	Header	button	Export	Create audited roster file	Disabled because 18 hard errors and draft schema remain	BLOCKED	staging AX roster export gate 2026-09-27	src/routes/reporting.rosters.validation.$id.tsx
R045	/reporting/rosters/templates	Header	button	Export history	Open historical exports	History page opened with No roster exports yet	TESTED	staging AX roster export history 2026-09-27	src/routes/reporting.rosters.templates.tsx
R046	/reporting/contracts-matrix	Failure state	button	Retry after fixtures	Recover matrix data	Failed to load group contracts matrix repeated after Retry with synthetic target present	FAILED	staging AX contracts matrix Retry 2026-09-27	src/components/reports/GroupContractsMatrix.tsx
C001	/cases	Header	button	New case	Open manual case dialog	Dialog opened	TESTED	staging AX manual case 2026-09-27	src/components/cases/ManualCaseModal.tsx
C002	/cases	Manual case dialog	combobox	Provider	Select synthetic provider	Alex Audit selected; group selector enabled	TESTED	staging AX manual case 2026-09-27	src/components/cases/ManualCaseModal.tsx
C003	/cases	Manual case dialog	combobox	Group	Select provider group	Synthetic group selected	TESTED	staging AX manual case 2026-09-27	src/components/cases/ManualCaseModal.tsx
C004	/cases	Manual case dialog	combobox	Payer	Offer full organization-visible catalog	Before attachment only Tricare offered; global synthetic payer absent despite E2.1/F2.1.4	FAILED	staging AX payer picker before and after attachment 2026-09-27	src/components/cases/ManualCaseModal.tsx
C005	/cases	Manual case dialog	combobox	State	Choose state	NY and CO selectable; CO used for fixture	TESTED	staging AX manual case 2026-09-27	src/components/cases/ManualCaseModal.tsx
C006	/cases	Manual case dialog	button	Create case	Create synthetic case and open detail	C-1071 created and detail opened	TESTED	staging AX case C-1071 2026-09-27	src/components/cases/ManualCaseModal.tsx
C007	/cases/$caseId	Header	button	Copy Case number	Copy C-1071	Label changed to Copied Case number	TESTED	staging AX case C-1071 copy 2026-09-27	src/routes/cases.$id.tsx
C008	/cases/$caseId	Header	button	Edit tracking ID	Open inline editor	Editor opened	TESTED	staging AX case C-1071 tracking 2026-09-27	src/routes/cases.$id.tsx
C009	/cases/$caseId	Tracking editor	button	Cancel	Discard unsaved tracking value	UX-TRACK-001 draft discarded; value remained blank	TESTED	staging AX case C-1071 tracking 2026-09-27	src/routes/cases.$id.tsx
C010	/cases/$caseId	Tracking editor	button	Save	Persist synthetic tracking value	UX-TRACK-001 saved with toast	TESTED	staging AX case C-1071 tracking 2026-09-27	src/routes/cases.$id.tsx
C011	/cases/$caseId	Header	menu	Update status	Show available transitions	Move To; Close As; Correct status choices displayed	TESTED	staging AX case C-1071 status menu 2026-09-27	src/components/cases/CaseStatusDialogs.tsx
C012	/cases/$caseId	Status menu	menu item	In Progress	Open note dialog and transition	Synthetic case moved to In Progress; status history and toast appeared	TESTED	staging AX case C-1071 status history 2026-09-27	src/components/cases/CaseStatusDialogs.tsx
C013	/cases/$caseId	Status menu	menu item	Submitted	Open transition dialog without external submission	Dialog opened; Cancel kept In Progress	TESTED	staging AX case C-1071 Submitted dialog 2026-09-27	src/components/cases/CaseStatusDialogs.tsx
C014	/cases/$caseId	Status menu	menu item	Approved	Require effective date and issued ID handling	Dialog opened; Approve disabled until date chosen; synthetic ID checkboxes disabled ID fields	TESTED	staging AX case C-1071 approval dialog 2026-09-27	src/components/cases/CaseStatusDialogs.tsx
C015	/cases/$caseId	Approve dialog	date picker	Effective date	Select calendar date and enable Approve	Sep 30 selected; Approve enabled; no final approval	TESTED	staging AX case C-1071 approval date 2026-09-27	src/components/cases/CaseStatusDialogs.tsx
C016	/cases/$caseId	Approve dialog	checkbox	Didn't receive group ID	Mark issued ID outstanding	Group ID input disabled; explanation shown	TESTED	staging AX case C-1071 approval ID 2026-09-27	src/components/cases/CaseStatusDialogs.tsx
C017	/cases/$caseId	Approve dialog	checkbox	Didn't receive provider ID	Mark issued ID outstanding	Provider ID input disabled; two outstanding IDs explained	TESTED	staging AX case C-1071 approval ID 2026-09-27	src/components/cases/CaseStatusDialogs.tsx
C018	/cases/$caseId	Approve dialog	date picker	Contract executed	Open optional custom calendar	Calendar opened; Sep 2026 shown	TESTED	staging AX case C-1071 approval contract picker 2026-09-27	src/components/cases/CaseStatusDialogs.tsx
C019	/cases/$caseId	Approve dialog	keyboard	Escape from nested contract calendar	Dismiss calendar/dialog and restore page interactions	Dialog closed but body retained pointer-events:none; all clicks inert until reload	FAILED	staging screenshot and DOM body style after Escape 2026-09-27	src/components/cases/CaseStatusDialogs.tsx
C020	/cases/$caseId	Approve dialog	button	Approve	Record payer approval with effective date	Stopped before final action; no approval letter or issued payer decision, even for synthetic case	BLOCKED	staging AX enabled Approve confirmation 2026-09-27	src/components/cases/CaseStatusDialogs.tsx
C021	/cases/$caseId	Status menu	menu item	Denied	Require governed denial reason	Dialog opened; Mark Denied disabled until reason selected	TESTED	staging AX case C-1071 denial dialog 2026-09-27	src/components/cases/CaseStatusDialogs.tsx
C022	/cases/$caseId	Denied dialog	combobox	Denial reason	Offer fixed reasons	Six reasons shown; Missing Documentation selected; final cancelled	TESTED	staging AX case C-1071 denial reasons 2026-09-27	src/components/cases/CaseStatusDialogs.tsx
C023	/cases/$caseId	Denied dialog	button	Cancel	Leave case status intact	Closed; In Progress remained	TESTED	staging AX case C-1071 denial cancel 2026-09-27	src/components/cases/CaseStatusDialogs.tsx
C024	/cases/$caseId	Task drawer	button	Open step	Open first incomplete SOP step	Drawer opened with step 1	TESTED	staging AX case C-1071 task drawer 2026-09-27	src/components/cases/CaseTasksPanel.tsx
C025	/cases/$caseId	Task drawer	checkbox	First SOP step	Advance synthetic task progress	Checkbox checked; task In progress; next step unlocked	TESTED	staging AX case C-1071 task step 2026-09-27	src/components/cases/CaseTasksPanel.tsx
C026	/cases/$caseId	Task drawer	combobox	Task status Blocked	Set blocked status	Blocked selected and toast shown	TESTED	staging AX case C-1071 task drawer 2026-09-27	src/components/cases/CaseTasksPanel.tsx
C027	/cases/$caseId	Task drawer	button	Add note	Persist synthetic task note	Note appeared in Activity and touchlog	TESTED	staging AX case C-1071 task note 2026-09-27	src/components/cases/CaseTasksPanel.tsx
C028	/cases/$caseId	Task drawer	button	Open full task page	Navigate to task details	Opened /tasks/00fa171e-0c9d-4fec-bdf7-6b0320f9a671	TESTED	staging AX task page 2026-09-27	src/components/cases/CaseTasksPanel.tsx
C029	/tasks/$taskId	Task details	button	Copy Group name	Copy synthetic group name	Label changed to Copied Group name	TESTED	staging AX task page copy 2026-09-27	src/routes/tasks.$id.tsx
C030	/cases/$caseId	Touchlog	button	Filter	Reveal filter controls	Type outcome follow-up recipient From To Reset appeared	TESTED	staging AX case C-1071 touchlog filter 2026-09-27	src/components/cases/CaseTouchesPanel.tsx
C031	/cases/$caseId	Touchlog	combobox	Type Call	Filter existing Note out	0 of 1 shown; Reset restored row	TESTED	staging AX case C-1071 touchlog type 2026-09-27	src/components/cases/CaseTouchesPanel.tsx
C032	/cases/$caseId	Touchlog	date field	From	Filter touches by native date	Sep 28 yielded 0 of 1; clearing restored 1 of 1	TESTED	staging AX case C-1071 touchlog date 2026-09-27	src/components/cases/CaseTouchesPanel.tsx
C033	/cases/$caseId	Touchlog	button	Reset filters	Restore all touches	All types and 1 of 1 restored	TESTED	staging AX case C-1071 touchlog reset 2026-09-27	src/components/cases/CaseTouchesPanel.tsx
C034	/cases/$caseId	Touchlog	button	Add note	Open note editor	Editor opened; Save disabled until text entered	TESTED	staging AX case C-1071 note 2026-09-27	src/components/cases/CaseTouchesPanel.tsx
C035	/cases/$caseId	Touchlog note	button	Save note	Persist synthetic note	Note appeared in touchlog with toast	TESTED	staging AX case C-1071 note 2026-09-27	src/components/cases/CaseTouchesPanel.tsx
C036	/cases/$caseId	Touchlog	button	Add touch	Open structured touch form	Date Type Recipient Outcome Context Follow-up shown	TESTED	staging AX case C-1071 touch 2026-09-27	src/components/cases/AddTouchForm.tsx
C037	/cases/$caseId	Touch form	combobox	Type Internal Sync	Choose internal touch type	Selected Internal Sync	TESTED	staging AX case C-1071 touch 2026-09-27	src/components/cases/AddTouchForm.tsx
C038	/cases/$caseId	Touch form	combobox	Outcome Successful	Choose outcome	Selected Successful	TESTED	staging AX case C-1071 touch 2026-09-27	src/components/cases/AddTouchForm.tsx
C039	/cases/$caseId	Touch form	date field	Next follow-up	Set native date	Oct 1 accepted and shown in saved touch	TESTED	staging AX case C-1071 follow-up 2026-09-27	src/components/cases/AddTouchForm.tsx
C040	/cases/$caseId	Touch form	text field	Recipient	Persist synthetic recipient	UX Audit Team shown in saved touch	TESTED	staging screenshot and AX case C-1071 touch 2026-09-27	src/components/cases/AddTouchForm.tsx
C086	/cases/$caseId	Touch form	text field	Contact	Persist synthetic contact	Synthetic contact shown in saved touch	TESTED	staging screenshot and AX case C-1071 touch 2026-09-27	src/components/cases/AddTouchForm.tsx
C041	/cases/$caseId	Touch form	button	Save touch	Persist synthetic internal touch	Touch logged toast; row with outcome and follow-up appeared	TESTED	staging AX case C-1071 touch 2026-09-27	src/components/cases/AddTouchForm.tsx
C042	/cases/$caseId	Touchlog row	button	Correct	Open correction without overwriting original	Correction form opened with prior type and recipient	TESTED	staging AX case C-1071 correction 2026-09-27	src/components/cases/AddTouchForm.tsx
C043	/cases/$caseId	Correction form	checkbox	Clear active follow-up	Disable next follow-up input	Checked and date input disabled; cancelled before write	TESTED	staging AX case C-1071 correction 2026-09-27	src/components/cases/AddTouchForm.tsx
C044	/cases/$caseId	Correction form	button	Cancel	Discard correction	Form closed; original touch remained	TESTED	staging AX case C-1071 correction 2026-09-27	src/components/cases/AddTouchForm.tsx
C045	/cases/$caseId	Details	date picker	Submitted	Choose save and reopen date	Sep 1 selected; Date saved toast; persisted after page reload	TESTED	staging AX case C-1071 submitted reload 2026-09-27	src/components/cases/CaseDateField.tsx
C046	/cases/$caseId	Details	date picker	Expected effective	Choose and save date	Oct 1 selected; Date saved toast and formatted value shown	TESTED	staging AX case C-1071 expected effective 2026-09-27	src/components/cases/CaseDateField.tsx
C047	/cases/$caseId	Details	date picker	Confirmed effective	Open editor and cancel	Editor opened; Cancel returned to blank value	TESTED	staging AX case C-1071 confirmed effective 2026-09-27	src/components/cases/CaseDateField.tsx
C048	/cases/$caseId	Details	date picker	Contract executed	Open picker and navigate by keyboard	Tab focused month controls; Enter moved month; Right moved day; PageDown moved month; Shift+PageDown moved year; Enter selected; Cancel discarded	TESTED	staging AX case C-1071 contract date keyboard 2026-09-27	src/components/DatePicker.tsx
C049	/cases/$caseId	Details	button	Add location	Offer provider facilities under group	Synthetic facility offered; Save attached as Primary with toast	TESTED	staging AX case C-1071 location 2026-09-27	src/routes/cases.$id.tsx
C050	/cases/$caseId	Location	button	Remove	Confirm then remove synthetic facility	Confirmation described promotion; removed with toast; no locations state restored	TESTED	staging AX case C-1071 location removal 2026-09-27	src/routes/cases.$id.tsx
C052	/cases/$caseId	Header	button	Copy Tracking ID	Copy tracking ID	Label changed to Copied Tracking ID	TESTED	staging AX case C-1071 copy 2026-09-27	src/routes/cases.$id.tsx
C053	/cases/$caseId	Details	button	Copy Forwarding ID	Copy forwarding ID	Label changed to Copied Forwarding ID	TESTED	staging AX case C-1071 copy 2026-09-27	src/routes/cases.$id.tsx
C054	/cases/$caseId	Identifiers	button	Copy Provider NPI	Copy provider NPI	Copied label appeared	TESTED	staging AX case C-1071 copy 2026-09-27	src/routes/cases.$id.tsx
C055	/cases/$caseId	Identifiers	button	Copy Taxonomy	Copy taxonomy	Copied label appeared	TESTED	staging AX case C-1071 copy 2026-09-27	src/routes/cases.$id.tsx
C056	/cases/$caseId	Identifiers	button	Copy Group NPI	Copy group NPI	Copied label appeared	TESTED	staging AX case C-1071 copy 2026-09-27	src/routes/cases.$id.tsx
C057	/cases/$caseId	Identifiers	button	Copy Group TIN	Copy group TIN	Copied label appeared	TESTED	staging AX case C-1071 copy 2026-09-27	src/routes/cases.$id.tsx
C058	/cases/$caseId	Provenance	button	General Enrollment fallback v2	Open read-only SOP snapshot	Version 2 snapshot opened with task steps	TESTED	staging AX case C-1071 SOP 2026-09-27	src/routes/cases.$id.tsx
C059	/cases/$caseId	SOP snapshot	button	All versions	Show version history	v2 current and v1 prior listed	TESTED	staging AX case C-1071 SOP history 2026-09-27	src/routes/cases.$id.tsx
C060	/cases/$caseId	SOP history	row action	Version 1	Open prior read-only snapshot	Version 1 read-only snapshot opened	TESTED	staging AX case C-1071 SOP history 2026-09-27	src/routes/cases.$id.tsx
C061	/cases/$caseId	Header	button	Delete case	Show irreversible-delete confirmation	Dialog warned tasks touchlog notes status history cannot be restored; Cancel kept case	TESTED	staging AX case C-1071 delete dialog 2026-09-27	src/routes/cases.$id.tsx
C062	/cases/$caseId	Delete dialog	button	Delete permanently	Permanently remove case and activity	Stopped at confirmation; irreversible delete and case retained for audit	BLOCKED	staging AX case C-1071 delete dialog 2026-09-27	src/routes/cases.$id.tsx
F001	/groups/$groupId/facilities	Toolbar	text field	Search facilities	Filter locations by text	No Match showed no locations; UX Audit restored fixture	TESTED	staging AX facilities search 2026-09-27	src/routes/groups.$groupId.facilities.tsx
F002	/groups/$groupId/facilities	Toolbar	combobox	Filter by state	Filter locations by operating state	CO selected and fixture remained	TESTED	staging AX facilities CO filter 2026-09-27	src/routes/groups.$groupId.facilities.tsx
F003	/groups/$groupId/facilities	Toolbar	combobox	Filter by providers	Show with/without provider locations	Without providers showed empty state; With providers restored fixture	TESTED	staging AX facilities provider filter 2026-09-27	src/routes/groups.$groupId.facilities.tsx
F004	/groups/$groupId/facilities	State section	button	CO accordion	Collapse and expand state locations	Location hidden then restored	TESTED	staging AX facilities accordion 2026-09-27	src/routes/groups.$groupId.facilities.tsx
F005	/groups/$groupId/facilities	Location row	button	Deactivate	Show impact confirmation	Dialog explained active-list hiding and retained history	TESTED	staging AX facility deactivation dialog 2026-09-27	src/routes/groups.$groupId.facilities.tsx
F006	/groups/$groupId/facilities	Deactivate dialog	button	Cancel	Preserve active location	Dialog closed and fixture remained active	TESTED	staging AX facility deactivation cancellation 2026-09-27	src/routes/groups.$groupId.facilities.tsx
F007	/groups/$groupId/facilities	Deactivate dialog	button	Deactivate final	Hide location from active use	Stopped after confirmation to preserve facility for remaining audit; final transition unverified	BLOCKED	staging AX facility deactivation dialog 2026-09-27	src/routes/groups.$groupId.facilities.tsx
F008	/groups/$groupId/facilities	Location row	link	Generate cases	Open generation prefiltered to group and facility	Clicked link; Generate cases opened with matching group and facility URL filters and two existing cases	TESTED	staging AX facilities generation link 2026-09-27	src/routes/groups.$groupId.facilities.tsx
G004	/groups/$groupId/payer-network	Payer card	button	Show providers	Expand provider and case state	Alex Audit CO In Progress and case link shown	TESTED	staging AX payer network providers 2026-09-27	src/routes/groups.$groupId.payer-network.tsx
G005	/groups/$groupId/payer-network	Payer card	link	Open case	Navigate to matching case	Clicked Open case; navigated to synthetic C-1071	TESTED	staging AX payer network case link 2026-09-27	src/routes/groups.$groupId.payer-network.tsx
G006	/groups/$groupId/payer-network	Payer card	button	Add group ID	Open state-scoped identifier dialog	CO input and Save/Cancel appeared	TESTED	staging AX payer network group ID 2026-09-27	src/routes/groups.$groupId.payer-network.tsx
G007	/groups/$groupId/payer-network	Group ID dialog	button	Cancel	Discard unsaved ID	Dialog closed; no ID issued	TESTED	staging AX payer network group ID cancel 2026-09-27	src/routes/groups.$groupId.payer-network.tsx
G008	/groups/$groupId/payer-network	Group ID dialog	button	Save	Persist issued group enrollment ID	No actual issued payer ID available; synthetic placeholder would misrepresent fulfillment	BLOCKED	staging AX payer network group ID dialog 2026-09-27	src/routes/groups.$groupId.payer-network.tsx
G009	/groups/$groupId/payer-network	Payer card	button	Remove payer	Show archival confirmation	Dialog explained targets archived and cases retained	TESTED	staging AX payer removal dialog 2026-09-27	src/routes/groups.$groupId.payer-network.tsx
G010	/groups/$groupId/payer-network	Remove payer dialog	button	Cancel	Keep group payer target	Dialog closed; payer card remained	TESTED	staging AX payer removal cancellation 2026-09-27	src/routes/groups.$groupId.payer-network.tsx
G011	/groups/$groupId/payer-network	Remove payer dialog	button	Remove payer final	Archive synthetic target	Stopped to preserve fixture for remaining audit; final transition unverified	BLOCKED	staging AX payer removal dialog 2026-09-27	src/routes/groups.$groupId.payer-network.tsx
G012	/groups/$groupId/payer-network	CSV section	button	Attach payers from a CSV	Expand import guidance and controls	Template and upload controls revealed	TESTED	staging AX payer network CSV accordion 2026-09-27	src/routes/groups.$groupId.payer-network.tsx
G013	/groups/$groupId/payer-network	CSV section	button	Download Payer attach template	Download CSV headers	payer-attach-import-template.csv present in Downloads	TESTED	staging AX and local Downloads 2026-09-27	src/routes/groups.$groupId.payer-network.tsx
G014	/groups/$groupId/payer-network	CSV section	button	Upload roster CSV	Open chooser and preview CSV	In-app browser file chooser failed; no file sent or preview verified	BLOCKED	staging IAB file chooser error 2026-09-27	src/routes/groups.$groupId.payer-network.tsx
I001	/groups/$groupId	Insurance panel	button	Add policy	Open policy editor	Dialog opened with carrier policy dates and Save	TESTED	staging AX group insurance 2026-09-27	src/components/groups/InsurancePanel.tsx
I002	/groups/$groupId	Policy editor	date input	Effective date	Enter and persist date	Jan 1 2026 accepted; reopened in policy editor	TESTED	staging AX group insurance policy 2026-09-27	src/components/groups/InsurancePanel.tsx
I003	/groups/$groupId	Policy editor	date input	Expiration date	Reject end date before start date	Jan 1 2025 accepted after Jan 1 2026 start; policy saved and labeled Expired	FAILED	staging AX group insurance reversed dates 2026-09-27	src/components/groups/InsurancePanel.tsx
I004	/groups/$groupId	Policy editor	button	Save policy	Validate and persist coherent policy	Saved reversed-date policy without error; later correction to 2027 persisted	FAILED	staging AX group insurance reversed dates 2026-09-27	src/components/groups/InsurancePanel.tsx
I005	/groups/$groupId	Policy table	row	Open policy	Reopen existing policy for editing	Clicking row opened editor; corrected expiration to Jan 1 2027 and Active shown	TESTED	staging AX group insurance edit 2026-09-27	src/components/groups/InsurancePanel.tsx
V001	/providers	Toolbar	text field	Search providers	Filter provider table	Nobody showed empty state; Audit restored fixture	TESTED	staging AX providers search 2026-09-27	src/routes/providers.index.tsx
V002	/providers	Toolbar	combobox	Filter by group	Restrict provider rows	Synthetic group selected; Alex Audit remained	TESTED	staging AX providers group filter 2026-09-27	src/routes/providers.index.tsx
V003	/providers	Toolbar	combobox	Filter by license state	Restrict provider rows	CO selected; Alex Audit remained	TESTED	staging AX providers state filter 2026-09-27	src/routes/providers.index.tsx
V004	/providers	Toolbar	checkbox	Has gaps	Show only providers with gaps	Selected and fixture remained due missing CAQH	TESTED	staging AX providers gaps checkbox 2026-09-27	src/routes/providers.index.tsx
V005	/providers	Toolbar	button	Export roster	Download CSV	roster-2026-09-27.csv present in Downloads	TESTED	staging AX and Downloads 2026-09-27	src/routes/providers.index.tsx
V006	/providers	Import accordion	button	Bulk provider import	Reveal import guidance and controls	Accordion expanded with template/reference/upload	TESTED	staging AX provider import 2026-09-27	src/routes/providers.index.tsx
V007	/providers	Import accordion	button	Download Provider template	Download current CSV template	provider-import-template (3).csv present in Downloads	TESTED	staging AX and Downloads 2026-09-27	src/routes/providers.index.tsx
V008	/providers	Import accordion	button	Download reference (real names)	Download catalog reference	provider-import-reference.csv present in Downloads	TESTED	staging AX and Downloads 2026-09-27	src/routes/providers.index.tsx
V009	/providers	Import accordion	button	Upload roster CSV	Open staged import preview	In-app browser file chooser failed on prior upload attempts; no provider CSV sent	BLOCKED	staging IAB file chooser failure 2026-09-27	src/routes/providers.index.tsx
V010	/providers	Provider row	link	Provider name	Open detail	Alex Audit detail loaded	TESTED	staging AX provider detail 2026-09-27	src/routes/providers.index.tsx
V011	/providers	Gap pill	link	Missing CAQH ID	Open identity section	URL changed to provider detail #identity	TESTED	staging AX provider gap link 2026-09-27	src/routes/providers.index.tsx
V012	/providers/$id	Header	button	Terminate provider	Open impact dialog	Date and reason shown; warning about termination tasks for active cases	TESTED	staging AX provider termination dialog 2026-09-27	src/routes/providers.$id.index.tsx
V013	/providers/$id	Termination dialog	button	Cancel	Preserve provider status	Dialog closed and provider remained active	TESTED	staging AX provider termination cancel 2026-09-27	src/routes/providers.$id.index.tsx
V014	/providers/$id	Termination dialog	button	Terminate provider final	Set terminated and create tasks	Stopped at confirmation to preserve synthetic provider and two cases for remaining audit	BLOCKED	staging AX provider termination dialog 2026-09-27	src/routes/providers.$id.index.tsx
V015	/providers/$id#identity	Provider info	button	Edit details	Open editable identity fields	Native DOB CAQH graduation/start dates shown	TESTED	staging AX provider identity edit 2026-09-27	src/routes/providers.$id.index.tsx
V016	/providers/$id#identity	Edit details	date input	Date of birth	Reject impossible day and persist valid date	Native input rejected 1990-02-30; 1990-02-28 saved masked after refresh	TESTED	staging AX provider DOB 2026-09-27	src/components/providers/ProviderFormSections.tsx
V017	/providers/$id#identity	Edit details	date input	Graduation date	Save and reopen date	May 15 2012 saved and persisted after refresh	TESTED	staging AX provider graduation date 2026-09-27	src/components/providers/ProviderFormSections.tsx
V018	/providers/$id#identity	Edit details	button	Cancel	Discard edit	Synthetic DOB input discarded and dash returned	TESTED	staging AX provider edit cancel 2026-09-27	src/routes/providers.$id.index.tsx
V019	/providers/$id#identity	Edit details	button	Save changes	Persist identity fields	Saved toast; masked DOB and graduation date persisted after refresh	TESTED	staging AX provider identity save 2026-09-27	src/routes/providers.$id.index.tsx
V020	/providers/$id#identity	SSN menu	menu	Manage SSN	Show secure entry and intake options	Both options appeared	TESTED	staging AX provider SSN menu 2026-09-27	src/routes/providers.$id.index.tsx
V021	/providers/$id#identity	SSN menu	menuitem	Enter full SSN securely	Open vault entry with validation	Dialog opened; three-digit input kept Save securely disabled; Cancel discarded	TESTED	staging AX provider SSN entry 2026-09-27	src/routes/providers.$id.index.tsx
V022	/providers/$id#identity	SSN menu	menuitem	Send secure intake link	Open recipient form	Dialog opened; example.test email enabled Create link; Cancel discarded	TESTED	staging AX provider intake link 2026-09-27	src/routes/providers.$id.index.tsx
V023	/providers/$id#identity	Intake dialog	button	Create link	Create or send single-use SSN intake link	Stopped before creation because delivery/external messaging behavior was not established	BLOCKED	staging AX provider intake dialog 2026-09-27	src/routes/providers.$id.index.tsx
V024	/providers/$id#groups-facilities	Groups section	button	Add group	Allow another group membership	Disabled with no visible explanation	FAILED	staging AX provider group membership 2026-09-27	src/components/providers/GroupsFacilitiesPanel.tsx
V025	/providers/$id#groups-facilities	Facilities section	button	Add facility	Open eligible facility/date picker	Dialog opened; initially no choices while sole facility assigned	TESTED	staging AX provider add facility 2026-09-27	src/components/providers/GroupsFacilitiesPanel.tsx
V026	/providers/$id#groups-facilities	Add facility dialog	combobox	Facility to add	List unassigned group facilities	Empty while sole facility assigned; fixture available after remove	TESTED	staging AX provider facility picker 2026-09-27	src/components/providers/GroupsFacilitiesPanel.tsx
V027	/providers/$id#groups-facilities	Add facility dialog	date picker	Start date	Select required date	Sep 1 2026 selected in custom calendar	TESTED	staging AX provider facility date 2026-09-27	src/components/providers/GroupsFacilitiesPanel.tsx
V028	/providers/$id#groups-facilities	Facility row	button	Remove	Remove assignment and show impact	Removed immediately without confirmation; provider lost generatability until readded	FAILED	staging AX and screenshot provider facility removal 2026-09-27	src/components/providers/GroupsFacilitiesPanel.tsx
V029	/providers/$id#groups-facilities	Add facility dialog	button	Add facility	Restore assignment and feedback	Sep 1 assignment restored with success toast; provider generatable	TESTED	staging AX provider facility restore 2026-09-27	src/components/providers/GroupsFacilitiesPanel.tsx
V030	/providers/$id#licenses	License row	button	Edit CO license	Open license form	Issued and expiration native date inputs displayed	TESTED	staging AX provider license edit 2026-09-27	src/routes/providers.$id.index.tsx
V031	/providers/$id#licenses	License editor	date input	Expiration date	Reject expiration before issue date	Jan 1 2025 accepted with Jan 1 2026 issue; saved as expired; later corrected to 2027	FAILED	staging AX provider reversed license dates 2026-09-27	src/routes/providers.$id.index.tsx
V032	/providers/$id#licenses	License editor	button	Save license	Validate and persist coherent license	Saved reversed dates with success toast; correction persisted	FAILED	staging AX provider reversed license dates 2026-09-27	src/routes/providers.$id.index.tsx
V033	/providers/$id#licenses	Licenses section	button	Add license	Open creation form	Dialog opened; blank submit showed State is required	TESTED	staging AX provider add license 2026-09-27	src/routes/providers.$id.index.tsx
V034	/providers/$id#licenses	License row	button	Remove CO license	Show deletion confirmation	Dialog named CO license and Cancel preserved it	TESTED	staging AX provider remove license 2026-09-27	src/routes/providers.$id.index.tsx
V035	/providers/$id#licenses	Remove license dialog	button	Remove license final	Delete license record	Stopped at confirmation to preserve active synthetic fixture	BLOCKED	staging AX provider remove license dialog 2026-09-27	src/routes/providers.$id.index.tsx
V036	/providers/$id#enrollments	Enrollments section	button	Add enrollment	Open historical enrollment fact form	Group/payer/state selectors and custom date shown; blank submit validated	TESTED	staging AX provider enrollment form 2026-09-27	src/components/providers/EnrollmentsPanel.tsx
V037	/providers/$id#enrollments	Enrollment form	combobox	Enrollment payer	Offer payer catalog	Full catalog including synthetic payer shown	TESTED	staging AX enrollment payer options 2026-09-27	src/components/providers/EnrollmentsPanel.tsx
V038	/providers/$id#enrollments	Enrollment form	date picker	Effective date	Choose optional effective date	Calendar opened; final fact not recorded	TESTED	staging AX enrollment date picker 2026-09-27	src/components/providers/EnrollmentsPanel.tsx
V039	/providers/$id#enrollments	Enrollment form	button	Record fact	Persist verified pre-existing enrollment	No verified historical enrollment available; synthetic claim would misstate approved status	BLOCKED	staging AX enrollment fact dialog 2026-09-27	src/components/providers/EnrollmentsPanel.tsx
V040	/providers/$id#enrollments	Enrollment date picker	keyboard	Escape	Close picker and restore page interactions	Escape closed dialog but left body pointer-events none; clicks inert until reload	FAILED	staging AX and DOM-backed body style 2026-09-27	src/components/providers/EnrollmentsPanel.tsx
V041	/providers/$id#cases	Cases section	button	Add touch	Open multi-case touch form	Two synthetic cases offered	TESTED	staging AX provider touch form 2026-09-27	src/routes/providers.$id.index.tsx
V042	/providers/$id#cases	Touch form	checkbox	Select all	Toggle all cases	Two cases selected and count updated	TESTED	staging AX provider touch selection 2026-09-27	src/routes/providers.$id.index.tsx
V043	/providers/$id#cases	Touch form	combobox	Type	Choose contact type	Internal Sync selected	TESTED	staging AX provider touch type 2026-09-27	src/routes/providers.$id.index.tsx
V044	/providers/$id#cases	Touch form	combobox	Outcome	Choose optional outcome	Attempted selected	TESTED	staging AX provider touch outcome 2026-09-27	src/routes/providers.$id.index.tsx
V045	/providers/$id#cases	Touch form	checkbox	Clear active follow-up	Disable follow-up date	Checked and date input disabled	TESTED	staging AX provider touch followup 2026-09-27	src/routes/providers.$id.index.tsx
V046	/providers/$id#cases	Readiness table	row	Expand payer/state	Show gap checklist and fix links	Five gaps shown with Licenses Identity and Groups links	TESTED	staging AX provider readiness 2026-09-27	src/routes/providers.$id.index.tsx
V047	/providers/$id#cases	Readiness toolbar	combobox	Filter by payer	Restrict readiness rows	Tricare chosen; one row shown	TESTED	staging AX provider readiness payer filter 2026-09-27	src/routes/providers.$id.index.tsx
V048	/providers/$id#cases	Readiness toolbar	combobox	Filter by state	Restrict readiness rows	CO chosen; matching row shown	TESTED	staging AX provider readiness state filter 2026-09-27	src/routes/providers.$id.index.tsx
V049	/providers/$id#cases	Readiness toolbar	combobox	Filter by gap type	Restrict readiness rows	W-9 missing selected; Tricare row shown	TESTED	staging AX provider readiness gap filter 2026-09-27	src/routes/providers.$id.index.tsx
V050	/providers/$id#documents	Documents section	button	Upload	Open document upload form	Document kind/file/effective/expiration controls shown; blank submit validated	TESTED	staging AX provider upload 2026-09-27	src/components/documents/UploadDocumentDialog.tsx
V051	/providers/$id#documents	Upload dialog	combobox	Document kind	Select kind and conditional fields	State License selected and expiration became required; stale Choose a document kind error remained until resubmit	FAILED	staging AX provider document kind 2026-09-27	src/components/documents/UploadDocumentDialog.tsx
V052	/providers/$id#documents	Upload dialog	button	File	Select synthetic document	IAB file chooser failed previously; no provider document selected	BLOCKED	staging IAB file chooser failure 2026-09-27	src/components/documents/UploadDocumentDialog.tsx
V053	/providers/$id#notes	Notes section	icon button	Add note	Reveal composer	Unnamed plus button opened text area and Save/Cancel	FAILED	staging AX and screenshot provider notes 2026-09-27	src/components/cases/CaseNotesPanel.tsx
V054	/providers/$id#notes	Note composer	button	Save note	Persist synthetic note with feedback	Note added toast and authored text shown	TESTED	staging AX provider note save 2026-09-27	src/routes/providers.$id.index.tsx
V055	/providers/$id#groups-facilities	Groups section	button	Add group with second group available	Offer eligible group	UX Audit Empty Group selectable and saved as secondary membership; Add group disabled only when no more group exists	TESTED	staging AX provider memberships 2026-09-27	src/components/providers/GroupsFacilitiesPanel.tsx
V056	/providers/$id#groups-facilities	Secondary group chip	button	Make primary	Switch primary group and persist	Empty Group became primary; Test Group restored as primary after second click	TESTED	staging AX provider memberships 2026-09-27	src/components/providers/GroupsFacilitiesPanel.tsx
V057	/providers/$id#groups-facilities	Secondary group chip	button	Remove group	Remove synthetic secondary membership	Removed immediately with Group removed toast; original primary remained	TESTED	staging AX provider memberships 2026-09-27	src/components/providers/GroupsFacilitiesPanel.tsx
Q001	/groups	Group list	link	UX Audit Empty Group	Open second group detail	Opened matching detail with one unstaffed facility	TESTED	staging AX Groups 2026-09-27	src/routes/groups.index.tsx
Q002	/groups	Group list	link	UX Audit Test Group	Open original group detail	Opened original group detail during earlier group audit	TESTED	staging AX Groups 2026-09-27	src/routes/groups.index.tsx
Q003	/groups/$groupId	Group card	link	Facilities	Open group facility list	Opened second group's one unstaffed facility	TESTED	staging AX second group 2026-09-27	src/routes/groups.$groupId.index.tsx
Q004	/groups/$groupId	Group card	link	Payer Network	Open group payer targets	Original group's payer network opened in prior pass	TESTED	staging AX original group 2026-09-27	src/routes/groups.$groupId.index.tsx
Q005	/groups/$groupId/facilities	Facility CSV import	button	Expand import	Reveal guidance and upload/download actions	Expanded with template and upload controls	TESTED	staging AX second group facilities 2026-09-27	src/routes/groups.$groupId.facilities.tsx
Q006	/groups/$groupId/facilities	Facility CSV import	button	Download Facility template	Download current CSV template	facility-import-template (2).csv appeared in Downloads	TESTED	staging AX and Downloads 2026-09-27	src/routes/groups.$groupId.facilities.tsx
Q007	/groups/$groupId/facilities	Facility CSV import	button	Upload roster CSV	Open file chooser and preview synthetic CSV	IAB file chooser error on prior facility upload attempt; staging import not exercised	BLOCKED	IAB file chooser error 2026-09-27	src/routes/groups.$groupId.facilities.tsx
Q008	/account	Account menu	menuitem	Settings	Open account page	My account opened with details and access	TESTED	staging AX account 2026-09-27	src/routes/account.tsx
N009	/account	Account form	text field	Title draft	Enable save on edit; discard on refresh	Save enabled and Unsaved changes appeared; refresh restored original title	TESTED	staging AX account 2026-09-27	src/routes/account.tsx
N010	/account	Account form	button	Save changes	Persist account profile	Stopped: current admin is a real user and user authorized synthetic staging writes only	BLOCKED	staging AX account form 2026-09-27	src/routes/account.tsx
N011	/account	Account form	text field	Email	Explain inability to edit sign-in email	Disabled and helper text explains restriction	TESTED	staging AX account form 2026-09-27	src/routes/account.tsx
R047	/reporting	Performance card	link	Launches	Open active launch report	Opened and showed UX Audit Test Facility at risk, two open cases	TESTED	staging AX Launches 2026-09-27	src/routes/reporting.index.tsx
R048	/reporting	Performance card	link	Facilities Without Providers	Open unstaffed facilities report	Opened and showed UX Audit Unstaffed Facility row	TESTED	staging AX Facilities Without Providers 2026-09-27	src/routes/reporting.index.tsx
R049	/reporting	Performance card	link	Locations per Group	Open group location counts	Opened and showed one active location in each synthetic group	TESTED	staging AX Locations per Group 2026-09-27	src/routes/reporting.index.tsx
R050	/reporting	Credentialing card	link	Expiring Credentials	Open expiration report	Opened with no expiration-tracked documents; policy/license records do not count as uploaded documents	TESTED	staging AX Expiring Credentials 2026-09-27	src/routes/reporting.index.tsx
R051	/reporting/denials	Case status menu	menuitem	Denied	Open governed denial form	Opened with required fixed reason and context for Other	TESTED	staging AX synthetic case C-1072 2026-09-27	src/components/cases/CaseStatusDialogs.tsx
R052	/reporting/denials	Denied dialog	combobox	Reason	Choose Other	Other selected; context became required	TESTED	staging AX synthetic case C-1072 2026-09-27	src/components/cases/CaseStatusDialogs.tsx
R053	/reporting/denials	Denied dialog	button	Mark Denied	Persist synthetic denial	C-1072 Denied with Other and explicit synthetic context; success toast	TESTED	staging AX synthetic case C-1072 2026-09-27	src/components/cases/CaseStatusDialogs.tsx
R054	/reporting/denials	Report tabs	tab	By provider	Group synthetic denial by provider	Alex Audit heading with one Tricare denial	TESTED	staging AX Denials 2026-09-27	src/routes/reporting.denials.tsx
R055	/reporting/denials	Report tabs	tab	By payer	Group synthetic denial by payer	Tricare heading with same one Alex Audit denial	TESTED	staging AX Denials 2026-09-27	src/routes/reporting.denials.tsx
R056	/reporting/denials	Report toolbar	button	Export CSV	Download denial rows	denials.csv appeared in Downloads with synthetic result	TESTED	staging AX and Downloads 2026-09-27	src/routes/reporting.denials.tsx
R057	/reporting/denials	Denial row	link	Standing	Open source case	Navigated to synthetic case C-1072	TESTED	staging AX Denials 2026-09-27	src/routes/reporting.denials.tsx
R058	/reporting/rosters/history	History	link	Original export download	Download immutable prior export	No roster exports exist; synthetic mapping has validation blockers and no verified payer workbook	BLOCKED	staging AX roster history 2026-09-27	src/routes/reporting.rosters.history.tsx
R059	/reporting/rosters/export/$id	Export workspace	combobox	File format	Switch between CSV and XLSX	Both options shown; XLSX selected without exporting	TESTED	staging AX roster export 2026-09-27	src/components/rosters/RosterExportWorkspace.tsx
R060	/reporting/rosters/export/$id	Export workspace	button	Export and save snapshot	Generate validated roster file	Disabled with 19 hard errors; starter payer schema unverified against current workbook	BLOCKED	staging AX roster export 2026-09-27	src/components/rosters/RosterExportWorkspace.tsx
R061	/reporting/rosters/export/$id	Export workspace	link	Back to validation	Return to mapping issue list	Clicked link; validation page loaded with synthetic mapping issues	TESTED	staging AX roster export 2026-09-27	src/components/rosters/RosterExportWorkspace.tsx
R062	/reporting/leads	Lead triage	button	Convert lead	Triage one synthetic lead	No inbound lead fixture; public contact submission would send a real inquiry	BLOCKED	staging AX Inbound Leads 2026-09-27	src/routes/reporting.leads.tsx
R066	/reporting/leads	Lead triage	button	Dismiss lead	Triage one synthetic lead	No inbound lead fixture; public contact submission would send a real inquiry	BLOCKED	staging AX Inbound Leads 2026-09-27	src/routes/reporting.leads.tsx
R063	/reporting/contracts-matrix	Report	button	Retry	Recover failed matrix read	Repeated Failed to load group contracts matrix with synthetic group and payer target	FAILED	staging AX contracts matrix 2026-09-27	src/components/reports/GroupContractsMatrix.tsx
K001	/reporting/contracts-matrix	Matrix	combobox	Group selector	Exercise group selector	Matrix load error blocks selector	BLOCKED	staging AX contracts matrix 2026-09-27	src/components/reports/GroupContractsMatrix.tsx
K002	/reporting/contracts-matrix	Matrix	text field	Payer search	Exercise payer search	Matrix load error blocks filter	BLOCKED	staging AX contracts matrix 2026-09-27	src/components/reports/GroupContractsMatrix.tsx
K003	/reporting/contracts-matrix	Matrix	control	Payer × state cell	Exercise payer × state cell	Matrix load error blocks detail drawer	BLOCKED	staging AX contracts matrix 2026-09-27	src/components/reports/GroupContractsMatrix.tsx
K004	/reporting/contracts-matrix	Contract detail drawer	combobox	Contracting Status	Exercise contracting status	Drawer inaccessible after load error	BLOCKED	staging AX contracts matrix 2026-09-27	src/components/reports/ContractDetailDrawer.tsx
K005	/reporting/contracts-matrix	Contract detail drawer	text field	Specialty	Exercise specialty	Drawer inaccessible after load error	BLOCKED	staging AX contracts matrix 2026-09-27	src/components/reports/ContractDetailDrawer.tsx
K006	/reporting/contracts-matrix	Contract detail drawer	date input	Tentative Date	Exercise tentative date	Drawer inaccessible after load error	BLOCKED	staging AX contracts matrix 2026-09-27	src/components/reports/ContractDetailDrawer.tsx
K007	/reporting/contracts-matrix	Contract detail drawer	date input	Effective Date	Exercise effective date	Drawer inaccessible after load error	BLOCKED	staging AX contracts matrix 2026-09-27	src/components/reports/ContractDetailDrawer.tsx
K008	/reporting/contracts-matrix	Contract detail drawer	date input	Expiration Date	Exercise expiration date	Drawer inaccessible after load error	BLOCKED	staging AX contracts matrix 2026-09-27	src/components/reports/ContractDetailDrawer.tsx
K009	/reporting/contracts-matrix	Contract detail drawer	text field	Notes & Cross-Payer Dependencies	Exercise notes & cross-payer dependencies	Drawer inaccessible after load error	BLOCKED	staging AX contracts matrix 2026-09-27	src/components/reports/ContractDetailDrawer.tsx
K010	/reporting/contracts-matrix	Contract detail drawer	button	Cancel	Exercise cancel	Drawer inaccessible after load error	BLOCKED	staging AX contracts matrix 2026-09-27	src/components/reports/ContractDetailDrawer.tsx
K011	/reporting/contracts-matrix	Contract detail drawer	button	Save Contract	Exercise save contract	Drawer inaccessible after load error	BLOCKED	staging AX contracts matrix 2026-09-27	src/components/reports/ContractDetailDrawer.tsx
S001	/global	Sidebar	button	Find a provider	Open cross-org search	Dialog opened with name/NPI query and search scope	TESTED	staging AX global search 2026-09-27	src/components/layout/AppShell.tsx
S002	/global	Provider search	text field	Provider name or NPI	Find synthetic provider	Alex Audit result appeared with synthetic org and NPI	TESTED	staging AX global search 2026-09-27	src/components/search/GlobalProviderSearchDialog.tsx
S003	/global	Provider search	button	Copy NPI	Copy result NPI	Button changed to Copied NPI for Alex Audit	TESTED	staging AX global search 2026-09-27	src/components/search/GlobalProviderSearchDialog.tsx
S004	/global	Provider search	button	Alex Audit result	Open provider in matching org	Navigated to synthetic provider detail	TESTED	staging AX global search 2026-09-27	src/components/search/GlobalProviderSearchDialog.tsx
S005	/global	Org switcher	menu button	Open org switcher	Open or close organization menu	Menu listed four orgs while synthetic org stayed active	TESTED	staging AX org switcher 2026-09-27	src/components/layout/AppShell.tsx
S012	/global	Org switcher	keyboard	Escape org switcher	Open or close organization menu	Escape closed menu without switching org	TESTED	staging AX org switcher 2026-09-27	src/components/layout/AppShell.tsx
S006	/global	Org switcher	menuitem	Add organization	Open onboarding	Clicked menu item; New organization intake opened	TESTED	staging AX org switcher and onboarding 2026-09-27	src/components/layout/AppShell.tsx
S007	/global	Org switcher	menuitem	View all organizations	Open portfolio	Clicked View all organizations; Portfolio loaded	TESTED	staging AX org switcher and portfolio 2026-09-27	src/components/layout/AppShell.tsx
S008	/global	Account menu	menuitem	Sign out	End admin session	Stopped before sign-out because credentials to resume admin audit are unavailable	BLOCKED	staging AX account menu 2026-09-27	src/components/layout/AppShell.tsx
S009	/generation/runs	Run row	link	Open run	Open immutable generation ledger	Opened run with one Created candidate and case link	TESTED	staging AX generation run history 2026-09-27	src/routes/generation_.runs.index.tsx
S010	/generation/runs/$runId	Run detail	link	All runs	Return to run history	Clicked All runs; run history loaded	TESTED	staging AX generation run 2026-09-27	src/routes/generation_.runs.$runId.tsx
S011	/generation/runs/$runId	Candidate row	link	Open case	Navigate to generated case	Clicked Open case; navigated to C-1072	TESTED	staging AX generation run 2026-09-27	src/routes/generation_.runs.$runId.tsx
W051	/onboarding	Onboarding actions	button	Share onboarding link	Open single-use external link form	Opened recipient name/email dialog; no link created or message sent	TESTED	staging AX onboarding share dialog 2026-09-27	src/routes/onboarding.index.tsx
W052	/onboarding	Share onboarding dialog	button	Share onboarding link final	Create external recipient access	Stopped: delivery behavior not established and no authorized external recipient provided	BLOCKED	staging AX onboarding share dialog 2026-09-27	src/routes/onboarding.index.tsx
W053	/onboarding	Onboarding actions	button	Begin onboarding	Open current org wizard	Navigated to complete synthetic org wizard	TESTED	staging AX onboarding 2026-09-27	src/routes/onboarding.index.tsx
W054	/onboarding/wizard	Payer card	button	Review new target expansion	Offer newly eligible group/state row	Synthetic payer dialog offered Empty Group × CO; existing Test Group row disabled	TESTED	staging AX wizard target expansion 2026-09-27	src/routes/onboarding.wizard.tsx
W055	/onboarding/wizard	Target expansion	checkbox	Empty Group × CO	Toggle new target inclusion	Unchecked disabled Save; rechecked enabled Save	TESTED	staging AX wizard target expansion 2026-09-27	src/routes/onboarding.wizard.tsx
W056	/onboarding/wizard	Target expansion	button	Save targets	Attach synthetic payer to second group	Empty Group × CO appeared under synthetic payer with success toast	TESTED	staging AX wizard payer network 2026-09-27	src/routes/onboarding.wizard.tsx
W057	/onboarding/wizard	Payer target	button	Archive synthetic target	Remove target from active list recoverably	Empty Group × CO moved to archived with Target archived toast	TESTED	staging AX wizard payer target 2026-09-27	src/routes/onboarding.wizard.tsx
W058	/onboarding/wizard	Payer network	button	Show archived	Reveal archived target	Listed synthetic payer Empty Group × CO with Restore	TESTED	staging AX wizard payer network 2026-09-27	src/routes/onboarding.wizard.tsx
W059	/onboarding/wizard	Archived target	button	Restore	Return synthetic target to active list	Empty Group × CO returned and Target restored toast shown	TESTED	staging AX wizard payer target 2026-09-27	src/routes/onboarding.wizard.tsx
W060	/onboarding/wizard	Provider group row	button	Deactivate	Open impact confirmation	Dialog said group leaves active list and can later reactivate	TESTED	staging AX wizard group deactivation 2026-09-27	src/routes/onboarding.wizard.tsx
W061	/onboarding/wizard	Group deactivation dialog	button	Cancel	Keep group active	Dialog closed; Empty Group stayed active	TESTED	staging AX wizard group deactivation 2026-09-27	src/routes/onboarding.wizard.tsx
W062	/onboarding/wizard	Group deactivation dialog	button	Deactivate final	Deactivate and later restore group	Stopped to preserve unstaffed facility and report fixture for remaining audit	BLOCKED	staging AX wizard group deactivation 2026-09-27	src/routes/onboarding.wizard.tsx
W063	/onboarding/wizard	Bulk provider group import	button	Expand	Reveal staged import guidance	Template and upload controls appeared	TESTED	staging AX wizard group import 2026-09-27	src/routes/onboarding.wizard.tsx
W064	/onboarding/wizard	Bulk provider group import	button	Download Provider group template	Download current CSV columns	provider-group-import-template.csv appeared in Downloads	TESTED	staging AX and Downloads 2026-09-27	src/routes/onboarding.wizard.tsx
W065	/onboarding/wizard	Bulk provider group import	button	Upload roster CSV	Select synthetic file and preview	IAB chooser failed during prior import upload; staged preview not reached	BLOCKED	IAB file chooser error 2026-09-27	src/routes/onboarding.wizard.tsx
W066	/onboarding/wizard	Group row	button	Malpractice and insurance accordion	Show group policy card	Expanded for Empty Group with Add policy and no coverage state	TESTED	staging AX wizard group row 2026-09-27	src/routes/onboarding.wizard.tsx
W067	/onboarding/wizard	Group row	button	Documents accordion	Show group document card	Expanded with Upload and no documents state	TESTED	staging AX wizard group row 2026-09-27	src/routes/onboarding.wizard.tsx
W068	/onboarding/wizard	Group documents	button	Upload	Open group document form	COI/W-9/etc picker, file, custom dates, Cancel and Upload shown	TESTED	staging AX wizard group document 2026-09-27	src/components/documents/UploadDocumentDialog.tsx
W069	/onboarding/wizard	Group document form	button	Upload blank	Require kind and file	Choose a document kind shown	TESTED	staging AX wizard group document 2026-09-27	src/components/documents/UploadDocumentDialog.tsx
W070	/onboarding/wizard	Group document form	combobox	COI kind	Reveal required expiration	COI selected and expiration required; stale Choose a document kind error remained	FAILED	staging AX and screenshot group document form 2026-09-27	src/components/documents/UploadDocumentDialog.tsx
W071	/onboarding/wizard	Group document form	date picker	Effective date	Choose date via custom calendar	Sep 1 2026 displayed after calendar selection	TESTED	staging screenshot group document form 2026-09-27	src/components/documents/UploadDocumentDialog.tsx
W072	/onboarding/wizard	Group document form	date picker	Expiration date prior month	Navigate and select earlier date	Previous month moved Sep to Aug; Aug 1 selected; no pre-file ordering error surfaced	TESTED	staging AX group document calendar 2026-09-27	src/components/documents/UploadDocumentDialog.tsx
W073	/onboarding/wizard	Group document form	button	Upload without file	Require file	Choose a file to upload replaced prior stale error; no file or document persisted	TESTED	staging AX group document form 2026-09-27	src/components/documents/UploadDocumentDialog.tsx
W074	/onboarding/wizard	Group document form	button	Cancel	Discard unsaved document	Dialog closed; no document appeared in group card	TESTED	staging AX wizard group documents 2026-09-27	src/components/documents/UploadDocumentDialog.tsx
W075	/onboarding/wizard	Group document form	button	File	Select synthetic PDF and complete upload	IAB file chooser failed during previous upload attempts; document persistence unverified	BLOCKED	IAB file chooser error 2026-09-27	src/components/documents/UploadDocumentDialog.tsx
S013	/global	Sidebar	link	Cases	Open work queue	Clicked; synthetic cases queue loaded	TESTED	staging AX Cases 2026-09-27	src/components/layout/Sidebar.tsx
S014	/global	Sidebar	link	Payer Setup	Open payer catalog	Clicked; payer catalog and synthetic payer loaded	TESTED	staging AX Payer Setup 2026-09-27	src/components/layout/Sidebar.tsx
S015	/global	Sidebar	link	Reporting Center	Open report index	Clicked; report cards loaded	TESTED	staging AX Reporting Center 2026-09-27	src/components/layout/Sidebar.tsx
S016	/global	Sidebar	link	Org Detail	Open current organization	Clicked; synthetic organization summary loaded	TESTED	staging AX Org Detail 2026-09-27	src/components/layout/Sidebar.tsx
S017	/global	Sidebar	link	Groups	Open current organization group list	Clicked; two synthetic groups loaded	TESTED	staging AX Groups 2026-09-27	src/components/layout/Sidebar.tsx
S018	/global	Sidebar	link	Providers	Open current organization roster	Clicked; synthetic provider loaded	TESTED	staging AX Providers 2026-09-27	src/components/layout/Sidebar.tsx
S019	/global	Org switcher	menuitem	UX Audit Synthetic 2026-09-27	Keep current synthetic organization selected	Clicked; menu closed and active org remained synthetic	TESTED	staging AX org switcher 2026-09-27	src/components/layout/Sidebar.tsx
S020	/global	Org switcher	menuitem	BEST Physical Therapy LLC	Switch to real organization	Stopped at menu to avoid customer-data workflows outside synthetic fixture	BLOCKED	staging AX org switcher 2026-09-27	src/components/layout/Sidebar.tsx
S021	/global	Org switcher	menuitem	Kansas Fitness Physio	Switch to real organization	Stopped at menu to avoid customer-data workflows outside synthetic fixture	BLOCKED	staging AX org switcher 2026-09-27	src/components/layout/Sidebar.tsx
S022	/global	Org switcher	menuitem	Lionstone Physical Therapy	Switch to real organization	Stopped at menu to avoid customer-data workflows outside synthetic fixture	BLOCKED	staging AX org switcher 2026-09-27	src/components/layout/Sidebar.tsx
Q012	/account	Profile	text field	First name	Accept edit and enable Save; discard draft on refresh	Audit Draft enabled Save and Unsaved changes; refresh restored Sowmya	TESTED	staging AX account 2026-09-27	src/routes/account.tsx
Q013	/account	Profile	text field	Last name	Accept edit and enable Save; discard draft on refresh	Draft enabled Save; refresh restored S	TESTED	staging AX account 2026-09-27	src/routes/account.tsx
