state,rank,payer,payer_slug,as_reported,parent_org,payer_kind,lobs,approx_share_pct,share_basis,notes
AK,1,Premera Blue Cross,premera-blue-cross,Premera Blue Cross Blue Shield of Alaska,Premera Blue Cross,commercial,commercial,46,"Commercial market share, AMA Competition in Health Insurance study 2024 (2023 data)",Dominant commercial carrier and one of only two ACA marketplace insurers (statewide). Exited Medicare Advantage effective 2025 (verified Premera announcement); keeps Medigap. FEP rides its network.
AK,2,Aetna (CVS Health),aetna,Aetna,CVS Health,commercial,commercial,,"AlaskaCare TPA role verified (drb.alaska.gov, 2025-2026); covered-lives count unverified: model knowledge","Third-party administrator of AlaskaCare — the State of Alaska employee and retiree health plans — one of the largest covered populations in the state, plus national-account ASO."
AK,3,Moda Health,moda-health,,"Moda Health (Moda, Inc.)",commercial,commercial,,"Verified as the second of two AK individual/ACA insurers (Anchorage, Mat-Su, Kenai, Fairbanks, Southeast; healthinsurance.org 2026); total AK lives unverified",Oregon-based; individual market plus employer groups; members access the Aetna national network out of state.
AK,4,TRICARE West (TriWest),tricare-west,TriWest Healthcare Alliance (TRICARE West Region),TriWest Healthcare Alliance,tricare,tricare,,unverified: model knowledge — Alaska moved into the TRICARE West Region under TriWest with the T-5 contract (Jan 2025),"Large military population (JBER, Eielson AFB, Fort Wainwright). Alaska shifted from Health Net Federal Services to TriWest in 2025 — recredentialing/contract migration is a live credentialing issue."
AK,5,Cigna Healthcare,cigna-healthcare,,The Cigna Group,commercial,commercial,,"unverified: model knowledge — ASO for multi-state employers (oil/gas, mining, transport) with AK-resident employees",No local plan entity; access via national network contracts.
AK,6,UnitedHealthcare,unitedhealthcare,,UnitedHealth Group,commercial,commercial,,unverified: model knowledge — national-account ASO (incl. UMR) covering AK residents; no AK individual or MA products,ASO/network presence only.
AK,7,GEHA,geha,,Government Employees Health Association,commercial,commercial,,unverified: model knowledge — FEHB medical plan covering Alaska's large federal workforce; rents the UnitedHealthcare network in AK,"Alaska has no individual Medicare Advantage plans at all (2024-2026, verified healthinsurance.org) and no Medicaid MCOs, so the AK payer field is genuinely shorter than 10 meaningful medical payers — remaining volume is TPA/self-funded (e.g., EBMS, Pacific Health Coalition) rather than risk-bearing carriers."
AL,1,Blue Cross and Blue Shield of Alabama,blue-cross-and-blue-shield-of-alabama,,Blue Cross and Blue Shield of Alabama (independent licensee),commercial,commercial|medicare_advantage,86,"Commercial market share (fully-insured + ASO combined), AMA Competition in Health Insurance study 2024 (2023 data) — most concentrated commercial market in the US","Overwhelmingly dominant across employer group, individual, and FEP; Blue Advantage is its MA product. Nearly every AL practice must credential here first."
AL,2,UnitedHealthcare,unitedhealthcare,,UnitedHealth Group,commercial,commercial|medicare_advantage,,"unverified: model knowledge — distant #2 commercial (largely national-account ASO incl. UMR) plus one of the largest MA books in AL (AMA/KFF context, 2024-2025)",Commercial ASO plus large MA enrollment (incl. legacy Care Improvement Plus entity).
AL,3,VIVA Health,viva-health,,UAB Health System (University of Alabama at Birmingham),medicare_advantage,commercial|medicare_advantage,,Presence verified in Alabama MA carrier lists 2025; enrollment split unverified: model knowledge,Birmingham-based regional; major AL Medicare Advantage plan plus commercial HMO for employer groups. Provider network centers on UAB.
AL,4,Humana,humana,,Humana Inc.,medicare_advantage,medicare_advantage|tricare,,"Verified as leading AL MA carrier family (multiple Humana entities in AL MA carrier list, 2025); state-level share unverified","One of the two largest MA carriers in AL (57% of AL Medicare beneficiaries are in MA, KFF-cited 2025). Humana Military administers TRICARE East, which covers Alabama."
AL,5,Cigna Healthcare,cigna-healthcare,,The Cigna Group,commercial,commercial|medicare_advantage,,unverified: model knowledge — meaningful ASO book for large employers; HealthSpring legacy MA presence verified in 2025 AL carrier list,Note: Cigna's Medicare business was sold to HCSC (closed 2025); legacy HealthSpring MA plans in AL now sit under HCSC while the Cigna commercial book remains with The Cigna Group — credential both relationships carefully.
AL,6,Aetna (CVS Health),aetna,Aetna,CVS Health,commercial,commercial|medicare_advantage,,unverified: model knowledge — national-account ASO (incl. Meritain) plus MA (Aetna entities verified in AL MA carrier list 2025),Commercial self-funded plus growing MA.
AL,7,Wellcare (Centene),wellcare,Wellcare,Centene Corporation,medicare_advantage,medicare_advantage,,unverified: model knowledge — MA presence in AL; no Medicaid MCO line exists in AL (state is FFS),MA-only relevance in Alabama (standalone PDP excluded per scope).
AL,8,Devoted Health,devoted-health,,"Devoted Health, Inc.",medicare_advantage,medicare_advantage,,Presence verified (Devoted Health Insurance Company of Alabama in 2025 AL MA carrier list); fast national grower (KFF 2026 enrollment update); AL enrollment unverified,Rapidly growing MA entrant; nationally more than doubled membership in 2026 open enrollment.
AL,9,TRICARE East (Humana Military),tricare-east,Humana Military (TRICARE East Region),Humana Inc.,tricare,tricare,,"unverified: model knowledge — Alabama sits in TRICARE East under Humana Military (T-5 contract, 2025)","Large military/dependent population around Redstone Arsenal, Maxwell AFB, Fort Novosel. Credentialing routes through Humana Military network vendors."
AL,10,Simpra Advantage,simpra-advantage,,Simpra Advantage Inc.,medicare_advantage,medicare_advantage,,Presence verified in 2025 AL MA carrier list; small enrollment — unverified: model knowledge,Small AL-domiciled MA (I-SNP focused). Rounds out a thin field — after BCBS AL the AL market drops off steeply.
AR,1,Arkansas Blue Cross and Blue Shield (USAble Mutual),arkansas-blue-cross-and-blue-shield,,USAble Mutual Insurance Company,commercial,commercial|medicare_advantage|managed_medicaid,45,"Commercial market share, AMA Competition in Health Insurance study 2024 (2023 data), via Becker's summary",Dominant commercial carrier; also a major ARHOME QHP carrier (Medicaid expansion lives) and MA (BlueMedicare). Health Advantage is its HMO affiliate — often a separate credentialing contract.
AR,2,Ambetter from Arkansas Health & Wellness (Centene),ambetter-from-arkansas-health-and-wellness,,Centene Corporation,commercial,commercial|managed_medicaid,,"Verified as one of the two active ARHOME QHP carriers (humanservices.arkansas.gov, 2025; ~188k ARHOME QHP lives split with ABCBS); exact split unverified","Marketplace/ARHOME book makes Centene a top-2 covered-lives player; sister brands Arkansas Total Care (PASSE), Wellcare (MA), and QualChoice are separate Centene entities in AR."
AR,3,UnitedHealthcare,unitedhealthcare,,UnitedHealth Group,commercial,commercial|medicare_advantage,,unverified: model knowledge — #2/#3 commercial (largely ASO incl. UMR) and a leading AR MA carrier,Commercial ASO plus MA.
AR,4,Arkansas Total Care (Centene),arkansas-total-care,,Centene Corporation,medicaid_mco,managed_medicaid,,"Verified PASSE organization (humanservices.arkansas.gov, 2025); PASSE enrollment split unverified: model knowledge",One of four full-risk PASSE plans for BH/IDD populations; also holds other AR Medicaid specialty contracts.
AR,5,Summit Community Care (Elevance Health),summit-community-care,,Elevance Health (Anthem),medicaid_mco,managed_medicaid,,"Verified PASSE organization (humanservices.arkansas.gov / summitcommunitycare.com, 2025); enrollment unverified",Elevance's local AR Medicaid brand (PASSE).
AR,6,Humana,humana,,Humana Inc.,medicare_advantage,medicare_advantage|tricare,,unverified: model knowledge — among the largest AR MA carriers; Humana Military runs TRICARE East which includes Arkansas,Primarily MA in Arkansas.
AR,7,QualChoice (Centene),qualchoice,,Centene Corporation,commercial,commercial,,unverified: model knowledge — Little Rock-based commercial carrier acquired by Centene (2019); ARHOME participation has wound down to ABCBS + Ambetter per DHS materials (2025),Legacy regional commercial book; confirm current line-of-business status at contracting time — footprint has been shrinking under Centene.
AR,8,Empower Healthcare Solutions,empower-healthcare-solutions,,Provider-led consortium (incl. Beacon/Carelon heritage partners),medicaid_mco,managed_medicaid,,"Verified PASSE organization (humanservices.arkansas.gov, 2025); enrollment unverified",Provider-owned PASSE.
AR,9,Cigna Healthcare,cigna-healthcare,,The Cigna Group,commercial,commercial,,"unverified: model knowledge — ASO for large AR employers (Walmart HQ ecosystem, Tyson et al. vary by year); no local plan entity",Self-funded administration; network via national contracts.
AR,10,CareSource PASSE,caresource-passe,,CareSource (with Arkansas provider partners),medicaid_mco,managed_medicaid,,"Verified as the fourth PASSE organization (humanservices.arkansas.gov, 2025); newest entrant, enrollment unverified",Newest PASSE; also note Wellcare (Centene) and Aetna (CVS) hold smaller AR MA books just outside this top 10.
AZ,1,UnitedHealthcare,unitedhealthcare,,UnitedHealth Group,commercial,commercial|medicare_advantage|managed_medicaid,,AMA Competition study 2024 (2023 data): largest statewide commercial insurer in AZ and MA leader in Phoenix and Tucson metros (verified via Hertel Report summary),"Only carrier leading all three big lines: commercial (Phoenix + Tucson), MA (largest AZ plan = AARP MA Plan 2 per Mark Farrah 2026), and AHCCCS (UHC Community Plan/APIPA incl. ALTCS)."
AZ,2,Blue Cross Blue Shield of Arizona,blue-cross-blue-shield-of-arizona,,Blue Cross Blue Shield of Arizona (independent licensee),commercial,commercial|medicare_advantage|managed_medicaid,,"AMA 2024 (2023 data): #2 statewide commercial, #1 PPO enrollment and leader in most non-metro regions (Flagstaff, Yuma, Prescott, etc.) — verified via Hertel Report summary","Owns Health Choice Arizona, a major AHCCCS ACC plan; Blue Medicare Advantage Classic is a top-4 AZ MA plan (Mark Farrah 2026)."
AZ,3,Mercy Care,mercy-care,,Aetna/CVS Health (administered); sponsored by CommonSpirit/Ascension heritage partners,medicaid_mco,managed_medicaid|medicare_advantage,,Verified as an ACC + ALTCS + RBHA contractor (azahcccs.gov 2025); widely reported as the largest single AHCCCS plan — enrollment figure unverified: model knowledge,"Not-for-profit local brand administered by Aetna; holds ACC, ALTCS-EPD, DD, and behavioral-health contracts; Mercy Care Advantage is its aligned D-SNP. Credential separately from commercial Aetna."
AZ,4,Aetna (CVS Health),aetna,Aetna,CVS Health,commercial,commercial|medicare_advantage,,AMA 2024 (2023 data): meaningful #2/#3 commercial role in urban AZ; led the AZ ACA exchange in 2024 (verified via Hertel Report summary). Banner|Aetna JV exited the Marketplace for 2026.,"Commercial fully-insured + ASO + MA, distinct from the Mercy Care Medicaid book it administers."
AZ,5,Arizona Complete Health (Centene),arizona-complete-health,,Centene Corporation,medicaid_mco,managed_medicaid|commercial|medicare_advantage,,Verified ACC + ALTCS contractor (azahcccs.gov 2025); Centene leads MA share in Sierra Vista/Douglas and co-leads Yuma (AMA 2024 via Hertel Report). Enrollment unverified.,"Centene's flagship AZ entity: AHCCCS ACC plan (southern AZ strength), Ambetter marketplace, and Wellcare/Allwell MA. Sister Centene plan Care1st Health Plan Arizona holds a separate ACC contract (central/north AZ) — credential each entity separately."
AZ,6,Banner Health Plans,banner-health-plans,,Banner Health,medicaid_mco,managed_medicaid|medicare_advantage|commercial,,"Banner–University Family Care verified as ACC + ALTCS contractor (azahcccs.gov, Oct 2025); Banner co-leads Yuma MA (AMA 2024). Enrollment unverified.","Provider-owned (Banner/University of Arizona). Medicaid ACC + ALTCS, D-SNP, and MA products tied to the Banner delivery network."
AZ,7,Humana,humana,,Humana Inc.,medicare_advantage,medicare_advantage|commercial,,AMA 2024 (2023 data): #2 MA statewide behind UHC; leads MA in Lake Havasu City/Kingman (verified via Hertel Report). Humana Gold Plus is a top-4 AZ MA plan (Mark Farrah 2026).,Predominantly MA in Arizona; small group commercial legacy only.
AZ,8,Cigna Healthcare,cigna-healthcare,,The Cigna Group (legacy Medicare book now HCSC),commercial,commercial|medicare_advantage,,"Cigna HealthSpring Alliance Medicare (now under HCSC) verified as a top-4 AZ MA plan by enrollment (Mark Farrah, Feb 2026 CMS data); commercial ASO book unverified: model knowledge",Long-standing Phoenix Medicare franchise (staff-model heritage); Medicare plans transferred to HCSC in 2025 — two distinct credentialing relationships now.
AZ,9,Molina Healthcare of Arizona,molina-healthcare-of-arizona,,"Molina Healthcare, Inc.",medicaid_mco,managed_medicaid|commercial|medicare_advantage,,Verified ACC contractor (azahcccs.gov 2025); entered AZ via Affinity/Cigna Medicaid asset purchase — enrollment unverified: model knowledge,AHCCCS ACC plan plus Marketplace and D-SNP.
AZ,10,Care1st Health Plan Arizona (Centene),care1st-health-plan-arizona,,Centene Corporation (WellCare family),medicaid_mco,managed_medicaid,,Verified ACC contractor on the AHCCCS health-plan list (azahcccs.gov 2024-2025); enrollment unverified: model knowledge,Separate Centene-owned ACC plan serving central/northern GSAs; distinct contracting/credentialing from Arizona Complete Health.
CA,1,Kaiser Permanente California,kaiser-permanente-california,Kaiser Permanente (Kaiser Foundation Health Plan),"Kaiser Foundation Health Plan, Inc.",commercial,commercial|medicare_advantage|managed_medicaid,,CHCF California Health Insurers Enrollment Almanac 2025: largest insurer in the state (~9M+ CA lives across lines); exact statewide-share % not restated here,Closed integrated model — external providers generally don't credential into Kaiser networks except via contracted medical groups; still the single largest CA payer and #1 CA MA plan. Direct statewide Medi-Cal contract since 2024.
CA,2,Anthem Blue Cross of California (Elevance),anthem-blue-cross-of-california,Anthem Blue Cross (Elevance Health),Elevance Health,commercial,commercial|medicare_advantage|managed_medicaid,13,"Share of overall CA enrollment, CHCF Enrollment Almanac 2025 (as summarized in search results); reflects combined-lines enrollment share",The CA Blue Cross licensee (Blue Shield is separate). Large commercial ASO/PPO plus one of the biggest commercial Medi-Cal books (2024 procurement winner) and MA.
CA,3,Blue Shield of California,blue-shield-of-california,,Blue Shield of California (nonprofit; independent licensee),commercial,commercial|medicare_advantage|managed_medicaid,,"CHCF Enrollment Almanac 2025: top-3 CA insurer (~4.8M members per plan reporting); statewide % not verified precisely — the 31% figure in one summary appears segment-specific, not used",Separate company from Anthem Blue Cross — dual-Blues state. Blue Shield Promise carries the Medicaid/D-SNP book (2024 Medi-Cal procurement winner).
CA,4,Health Net (Centene),health-net,,Centene Corporation,medicaid_mco,managed_medicaid|commercial|medicare_advantage,,"unverified precise count: model knowledge (~3M CA lives, majority Medi-Cal); Medi-Cal contract status verified (DHCS 2024 procurement winner; LA subcontract with Molina verified)","Centene's CA flagship: large Medi-Cal book (LA and Central Valley; administers CalViva), Covered California/Ambetter-equivalent individual, employer groups, MA."
CA,5,L.A. Care Health Plan,l-a-care-health-plan,,Local Initiative Health Authority for Los Angeles County (public agency),medicaid_mco,managed_medicaid|commercial,,"~2.5M members, verified (lacare.org, 2025) — largest publicly operated health plan in the US",LA County local-initiative Medi-Cal plan + L.A. Care Covered marketplace + D-SNP. Delegates heavily to IPAs/medical groups — credentialing usually flows through delegated groups.
CA,6,UnitedHealthcare,unitedhealthcare,,UnitedHealth Group,commercial,commercial|medicare_advantage,,unverified: model knowledge — top-tier national ASO book for CA-based employers plus significant MA; no Medi-Cal contract,Mostly self-funded commercial + MA; owns Optum medical groups in CA (separate from payer credentialing).
CA,7,Inland Empire Health Plan (IEHP),inland-empire-health-plan,,Public entity (Riverside & San Bernardino counties JPA),medicaid_mco,managed_medicaid|commercial,,"~1.5M members, verified (2025 sources)",Two-county public Medi-Cal plan; among the largest Medicaid plans in the nation; added Covered California product (IEHP Covered) and D-SNP.
CA,8,Molina Healthcare of California,molina-healthcare-of-california,,"Molina Healthcare, Inc.",medicaid_mco,managed_medicaid|commercial|medicare_advantage,,Medi-Cal 2024 procurement winner + LA subcontract (~50% of Health Net's LA Medi-Cal members) verified; total CA lives unverified: model knowledge (~1.2M+),"Long Beach-headquartered; Medi-Cal in multiple counties, Marketplace, and D-SNP/Medi-Medi plans."
CA,9,Aetna (CVS Health),aetna,Aetna,CVS Health,commercial,commercial|medicare_advantage,,unverified: model knowledge — large employer ASO/fully-insured book plus MA; exited Covered California individual market (2026 ACA exit nationally),Commercial + MA; no Medi-Cal line.
CA,10,Cigna Healthcare,cigna-healthcare,,The Cigna Group,commercial,commercial,,unverified: model knowledge — major ASO administrator for large CA employers; Medicare book sold to HCSC (2025),"Self-funded commercial concentration. Just below this cut: CalOptima Health (~900k+, Orange County COHS Medi-Cal) and Sharp/Western Health Advantage regionally — CalOptima arguably outranks Cigna on risk lives; kept at #11 because Cigna's total ASO covered lives are larger. Flagged low-confidence."
CO,1,UnitedHealthcare,unitedhealthcare,,UnitedHealth Group,commercial,commercial|medicare_advantage,,"Rank inferred from combined book: largest CO Medicare Advantage insurer at ~50% MA share (Becker's/KFF state MA data, 2024-2025, verified via web search) plus a large commercial ASO book. Commercial share pct not separately verified.","Also owns Rocky Mountain Health Plans (listed separately, Western Slope brand). Dominant MA carrier statewide."
CO,2,Anthem Blue Cross and Blue Shield of Colorado (Elevance),anthem-blue-cross-and-blue-shield-of-colorado,Anthem Blue Cross and Blue Shield Colorado (Elevance Health),Elevance Health,commercial,commercial|medicare_advantage,,"AMA Competition in Health Insurance 2024 (2023 data): Elevance held the largest commercial share in several CO MSAs (Boulder, Colorado Springs, Pueblo at ~28-29%), verified via web search. Statewide pct not published in retrieved sources.",The state's BCBS licensee. Large fully-insured + BlueCard/ASO book.
CO,3,Kaiser Permanente Colorado,kaiser-permanente-colorado,Kaiser Permanente Colorado (Kaiser Foundation Health Plan of Colorado),Kaiser Foundation Health Plan,commercial,commercial|medicare_advantage,32.8,"32.8% of Colorado's FULLY-INSURED market only (Kaiser Permanente public-policy page citing CO Division of Insurance, ~2024, verified via web search); overall all-lines share is lower because KP writes little ASO. #1 in the CO individual market.",Closed/integrated delivery system concentrated in Front Range; credentialing is largely through Colorado Permanente Medical Group rather than open network contracting.
CO,4,Cigna Healthcare,cigna-healthcare,,The Cigna Group,commercial,commercial,,unverified: model knowledge — large self-funded/ASO employer book in Denver metro; no statewide pct located in searched sources.,"Predominantly ASO; exited MA nationally (sold MA book to HCSC, 2025)."
CO,5,Aetna (CVS Health),aetna,,CVS Health,commercial,commercial|medicare_advantage,,unverified: model knowledge — national #3-4 carrier with meaningful CO commercial ASO and MA enrollment; no CO-specific pct located.,
CO,6,Colorado Access,colorado-access,,Colorado Access (nonprofit),medicaid_mco,managed_medicaid,,unverified: model knowledge — largest RAE by attributed Health First Colorado members (Denver metro regions); RAE attribution is not classic MCO enrollment.,RAE under ACC Phase III (capitated behavioral health + care coordination) and CHP+ (child health plan) carrier. Behavioral providers credential with the RAE; physical health remains state FFS.
CO,7,Rocky Mountain Health Plans (UnitedHealthcare),rocky-mountain-health-plans,,UnitedHealth Group,commercial,commercial|medicare_advantage|managed_medicaid,,"unverified: model knowledge — dominant Western Slope regional; operates RMHP PRIME (one of only two capitated Medicaid physical-health MCOs, verified via hcpf.colorado.gov) and a western-CO RAE.",Local brand retained post-UHC acquisition (2017); credential separately from UHC national in western Colorado.
CO,8,Denver Health Medical Plan (Elevate Health Plans),denver-health-medical-plan,,Denver Health and Hospital Authority,medicaid_mco,commercial|medicare_advantage|managed_medicaid,,unverified: model knowledge — Elevate Medicaid Choice is one of the two capitated Medicaid MCOs (verified via hcpf.colorado.gov); commercial/exchange 'Elevate' book is small.,Denver-county-centric; largely closed network around Denver Health system.
CO,9,Humana,humana,,Humana Inc.,medicare_advantage,medicare_advantage,,unverified: model knowledge — #2-3 MA carrier in CO behind UnitedHealthcare (UHG ~50% CO MA per Becker's/KFF 2024-2025); negligible CO commercial.,MA-only presence in CO for medical lines.
CO,10,SelectHealth (Intermountain),selecthealth,Select Health,Select Health (Intermountain Health),commercial,commercial|medicare_advantage,,unverified: model knowledge — entered CO individual/exchange market ~2023 and expanding along the Front Range; small but growing. Not verified in this session's searches.,Low-confidence #10; alternatives at this tier are small (Friday Health Plans is defunct as of 2023 and excluded).
CT,1,Anthem Blue Cross and Blue Shield of Connecticut (Elevance),anthem-blue-cross-and-blue-shield-of-connecticut,Anthem Blue Cross and Blue Shield Connecticut (Elevance Health),Elevance Health,commercial,commercial|medicare_advantage,,"Connecticut Insurance Department 2023 tally: Anthem is the dominant carrier with more than 1 million CT members (verified via Hartford Business Journal, 2024-2025). AMA 2024 study: CT commercial HHI 5,505, among the most concentrated states.",The state's BCBS licensee; one of only two carriers still writing fully-insured small group (with UHC).
CT,2,UnitedHealthcare,unitedhealthcare,UnitedHealthcare / Oxford Health Plans,UnitedHealth Group,commercial,commercial|medicare_advantage,,"Largest CT Medicare Advantage insurer at ~53% MA share (Becker's/KFF state MA data 2024-2025, verified via web search); large commercial book under the Oxford brand. Combined-lines pct not published.",Oxford is the dominant UHC commercial brand in CT.
CT,3,Aetna (CVS Health),aetna,,CVS Health,commercial,commercial|medicare_advantage,,"CID 2023 tally: Cigna and Aetna combine for nearly 600,000 CT members (verified via Hartford Business Journal). Mostly self-funded ASO; Aetna exited CT fully-insured small group.",Headquartered in Hartford; heavy ASO presence.
CT,4,Cigna Healthcare,cigna-healthcare,,The Cigna Group,commercial,commercial,,"CID 2023 tally: Cigna and Aetna combine for nearly 600,000 CT members (verified via Hartford Business Journal). Predominantly ASO; exited CT small group (with Oscar) since 2022.","Headquartered in Bloomfield, CT."
CT,5,ConnectiCare (Molina Healthcare),connecticare,,"Molina Healthcare (acquired from EmblemHealth, closed Feb 2025)",commercial,commercial|medicare_advantage,,"~140,000 CT members at time of Molina acquisition announcement, $350M deal (verified via InsuranceNewsNet/CT Insurance Dept filing 2024-2025).","Major CT exchange (Access Health CT) and MA carrier; exited fully-insured large group in 2025. Credential under ConnectiCare, now within Molina."
CT,6,Humana,humana,,Humana Inc.,medicare_advantage,medicare_advantage|tricare,,unverified: model knowledge — meaningful CT MA enrollment behind UHC/Anthem; no CT commercial book.,
CT,7,CarePartners of Connecticut (Point32Health / Hartford HealthCare JV),carepartners-of-connecticut,,Point32Health (JV with Hartford HealthCare),medicare_advantage,medicare_advantage,,unverified: model knowledge — CT-only MA plan launched 2018; tens of thousands of members. Not verified in this session's searches.,MA-only; network anchored on Hartford HealthCare.
CT,8,Wellcare (Centene),wellcare,,Centene Corporation,medicare_advantage,medicare_advantage,,unverified: model knowledge — small CT MA/D-SNP book; Centene has no CT Medicaid or Ambetter presence.,Standalone PDP book excluded per scope.
CT,9,Harvard Pilgrim Health Care (Point32Health),harvard-pilgrim-health-care,,Point32Health,commercial,commercial,,"unverified: model knowledge — legacy CT commercial book, shrinking; exited CT small group market since 2022 (exit verified via Hartford Business Journal).",Declining presence; verify current network participation before credentialing effort.
CT,10,Yale Health,yale-health,,Yale University,commercial,commercial,,unverified: model knowledge — closed staff-model HMO for Yale students/employees/dependents (tens of thousands of lives). Low-confidence tail entry; CT has few sizable payers beyond rank 9.,Largely closed network; limited external credentialing opportunity.
DE,1,Highmark Blue Cross Blue Shield Delaware,highmark-blue-cross-blue-shield-delaware,,Highmark Health,commercial,commercial|medicare_advantage|managed_medicaid,,AMA 2024 study lists Delaware among the least competitive commercial markets with the Blue as leader (verified via web search); exact statewide pct not retrieved. Model knowledge puts the Highmark DE commercial share at roughly half the market — unverified.,The state's BCBS licensee. Medicaid arm (Highmark Health Options) listed separately. Co-administers the State of Delaware employee plan with Aetna.
DE,2,Aetna (CVS Health),aetna,,CVS Health,commercial,commercial|medicare_advantage,,unverified: model knowledge — #2 commercial carrier in DE (large ASO book incl. State of Delaware employee plan) plus MA.,
DE,3,AmeriHealth Caritas Delaware,amerihealth-caritas-delaware,,AmeriHealth Caritas (Independence Health Group),medicaid_mco,managed_medicaid,,unverified: model knowledge — largest DSHP MCO by enrollment (DE Medicaid ~230-280k total lives across three MCOs). MCO participation verified via dhss.delaware.gov.,Covers DSHP + DSHP-Plus (LTSS) + DHCP CHIP.
DE,4,Highmark Health Options Delaware,highmark-health-options-delaware,,Highmark Health,medicaid_mco,managed_medicaid,,unverified: model knowledge — second-largest DSHP MCO; participation verified via dhss.delaware.gov.,Credential separately from Highmark BCBSD commercial.
DE,5,UnitedHealthcare,unitedhealthcare,,UnitedHealth Group,commercial,commercial|medicare_advantage,,"Largest DE Medicare Advantage insurer at ~33% MA share (Becker's/KFF state MA data 2024-2025, verified via web search); commercial ASO presence smaller than Highmark/Aetna.",Exited DE Medicaid when its DSHP contract ended (2023 turnover to Delaware First Health).
DE,6,Delaware First Health (Centene),delaware-first-health,,Centene Corporation,medicaid_mco,managed_medicaid,,"Newest DSHP MCO, effective Jan 2023 (verified via Healthcare Innovation / dhss.delaware.gov); smallest of the three MCOs — enrollment pct unverified.",Centene also sells Ambetter exchange plans in DE (small) — verify product participation separately.
DE,7,Cigna Healthcare,cigna-healthcare,,The Cigna Group,commercial,commercial,,unverified: model knowledge — ASO employer book in the Wilmington corporate market.,
DE,8,Humana,humana,,Humana Inc.,medicare_advantage,medicare_advantage|tricare,,unverified: model knowledge — MA presence behind UHC/Highmark/Aetna; DE MA market is small (~70-80k total MA lives).,
DE,9,Wellcare (Centene),wellcare,,Centene Corporation,medicare_advantage,medicare_advantage,,unverified: model knowledge — small DE MA/D-SNP book. Low confidence.,
DE,10,Johns Hopkins US Family Health Plan,johns-hopkins-us-family-health-plan,,Johns Hopkins Medicine,tricare,tricare,,unverified: model knowledge — TRICARE Prime designated provider (USFHP) whose service area includes Delaware; niche lives count. Low-confidence tail entry — Delaware has few sizable payers beyond rank 9.,"TRICARE Prime alternative, not supplemental-only, hence included; verify service-area counties."
FL,1,Florida Blue (GuideWell),florida-blue,,GuideWell Mutual Holding Corporation,commercial,commercial|medicare_advantage,,"Largest FL commercial insurer (AMA Competition in Health Insurance 2024, 2023 data — leads 22 FL MSAs; ~27% Orlando MSA; ~60% of FL small group per Florida Plan Finder/DOI-derived figure, verified via web search). Statewide all-lines pct not published in retrieved sources.",The state's BCBS licensee; also among the largest ACA-exchange carriers in FL.
FL,2,UnitedHealthcare,unitedhealthcare,,UnitedHealth Group,commercial,commercial|medicare_advantage|managed_medicaid,,unverified: model knowledge for combined rank — very large ASO/commercial book plus one of the two largest FL MA books; re-entered SMMC via 2024-2025 protest settlement (settlement verified via Florida Politics/Healthcare Dive).,"Initially lost the SMMC 3.0 procurement, restored via settlement."
FL,3,Humana,humana,,Humana Inc.,medicare_advantage,commercial|medicare_advantage|managed_medicaid|tricare,,unverified: model knowledge for pct — FL is Humana's largest MA state (Humana + CarePlus); statewide SMMC 3.0 comprehensive + specialty contracts verified via Florida Politics/AHCA sources.,CarePlus is a separate Humana MA HMO brand in FL — credential both.
FL,4,Sunshine Health (Centene),sunshine-health,,Centene Corporation,medicaid_mco,commercial|medicare_advantage|managed_medicaid,,"Largest FL Medicaid plan by enrollment, boosted by statewide specialty contracts (verified via Brevy/flmedicaidmanagedcare sources, 2025-2026). Centene's FL total also includes Ambetter (among the largest FL ACA books) and Wellcare MA — combined pct unverified.",SMMC 3.0 comprehensive + specialty (child welfare/CMS Health Plan) statewide.
FL,5,Aetna (CVS Health),aetna,,CVS Health,commercial,commercial|medicare_advantage|managed_medicaid,,unverified: model knowledge for rank — large FL commercial ASO + MA; Aetna Better Health of Florida restored to SMMC 3.0 via protest settlement (settlement verified via Florida Politics).,
FL,6,Simply Healthcare Plans (Elevance Health),simply-healthcare-plans,,Elevance Health,medicaid_mco,medicare_advantage|managed_medicaid,,"One of three plans with statewide SMMC comprehensive presence, plus statewide LTC+/HIV-AIDS/SMI specialty awards (verified via Brevy/Florida Politics, 2024-2026); one of Elevance's largest Medicaid books nationally.",Elevance's FL MA also runs under Freedom Health/Optimum HealthCare brands (acquired 2021) — credential each entity. Elevance has no FL Blue license (Florida Blue holds it).
FL,7,Cigna Healthcare,cigna-healthcare,,The Cigna Group,commercial,commercial,,unverified: model knowledge — substantial ASO book in South Florida/Tampa employer market; sold its MA business (incl. FL) to HCSC in 2025.,
FL,8,Oscar Health,oscar-health,,"Oscar Health, Inc.",commercial,commercial,,unverified: model knowledge — Florida is Oscar's largest ACA-exchange state (several hundred thousand to ~1M FL members in 2024-2026 filings). Not verified in this session's searches.,Individual/exchange only — no MA or Medicaid in FL.
FL,9,Molina Healthcare of Florida,molina-healthcare-of-florida,,Molina Healthcare,medicaid_mco,commercial|managed_medicaid,,"Restored to SMMC 3.0 via protest settlement after initially losing all regions (verified via Healthcare Dive/Florida Politics, 2024-2025); also sells Molina Marketplace in FL. Enrollment pct unverified.",
FL,10,Devoted Health,devoted-health,,"Devoted Health, Inc.",medicare_advantage,medicare_advantage,,unverified: model knowledge — fast-growing FL MA carrier (FL is its founding/largest market); listed among major FL MA carriers for 2026 (Owen Insurance Group roundup via web search).,Regional Medicaid plans Community Care Plan and Florida Community Care also hold SMMC 3.0 contracts but are smaller than the ranked ten; include them for Medicaid-only credentialing in regions where clients operate.
GA,1,Anthem Blue Cross and Blue Shield of Georgia (Elevance),anthem-blue-cross-and-blue-shield-of-georgia,Anthem Blue Cross and Blue Shield of Georgia (Elevance Health),Elevance Health,commercial,commercial|medicare_advantage,,AMA Competition in Health Insurance 2024 (2023 data): Elevance ~28% commercial share in Atlanta-Sandy Springs-Alpharetta MSA and largest in-state commercial carrier (verified via web search). Its Medicaid arm (Amerigroup/Wellpoint) exited Georgia Families 2026-06-30.,The state's BCBS licensee.
GA,2,UnitedHealthcare,unitedhealthcare,,UnitedHealth Group,commercial,commercial|medicare_advantage|managed_medicaid,,"Largest GA Medicare Advantage insurer at ~33% MA share (Becker's/KFF 2024-2025, verified) + large commercial ASO book + NEW Georgia Families CMO effective 2026-07-01 (verified).",New Medicaid entrant — active credentialing push for the July 2026 go-live.
GA,3,Kaiser Permanente Georgia,kaiser-permanente-georgia,Kaiser Permanente Georgia (Kaiser Foundation Health Plan of Georgia),Kaiser Foundation Health Plan,commercial,commercial|medicare_advantage,,unverified: model knowledge — dominant Atlanta-metro fully-insured HMO (~300k+ members); consistently a top-3 GA commercial carrier in AMA MSA data.,Integrated model; external credentialing mostly via affiliated network contracts.
GA,4,Aetna (CVS Health),aetna,,CVS Health,commercial,commercial|medicare_advantage,,unverified: model knowledge — major Atlanta employer-ASO carrier + MA; no GA Medicaid contract.,
GA,5,Cigna Healthcare,cigna-healthcare,,The Cigna Group,commercial,commercial,,unverified: model knowledge — large ASO book in metro Atlanta; MA book sold to HCSC (2025).,
GA,6,CareSource Georgia,caresource-georgia,,"CareSource (nonprofit, Dayton OH)",medicaid_mco,managed_medicaid|commercial,,Only incumbent CMO to win the new Georgia Families contract (award verified; go-live 2026-07-01); enrollment expected to grow substantially as 1.1M+ members redistribute from Amerigroup/Peach State. Pct unverified.,Also sells GA marketplace plans. Note: announced significant ABA/Medicaid rate changes for 2026 (acuity.news).
GA,7,Humana,humana,,Humana Inc.,medicare_advantage,medicare_advantage|managed_medicaid|tricare,,unverified: model knowledge for MA rank (top-3 GA MA carrier); NEW Georgia Families CMO (Humana Employers Health Plan of Georgia) effective 2026-07-01 — award verified via Becker's/Georgia Recorder.,New Medicaid entrant credentialing for July 2026 go-live.
GA,8,Ambetter of Peach State (Centene),ambetter-of-peach-state,,Centene Corporation,commercial,commercial|medicare_advantage,,"unverified: model knowledge — Georgia is one of Centene's largest ACA-exchange states (several hundred thousand Ambetter lives) plus Wellcare MA. Peach State Health Plan's Medicaid book (held since 2006) TERMINATED 2026-06-30 (verified), which drops Centene from a former top-4 GA position.","Post-July-2026, Centene's GA book is exchange + MA only."
GA,9,Molina Healthcare of Georgia,molina-healthcare-of-georgia,,Molina Healthcare,medicaid_mco,managed_medicaid|commercial,,NEW Georgia Families CMO effective 2026-07-01 (award verified via Becker's/Georgia Recorder); also sells GA marketplace plans. Enrollment ramping from zero — rank reflects expected share of the ~2.2M CMO population.,New Medicaid entrant credentialing for July 2026 go-live.
GA,10,Alliant Health Plans,alliant-health-plans,,"Alliant Health Plans (independent nonprofit, Dalton GA)",commercial,commercial,,unverified: model knowledge — Georgia-domiciled regional commercial/exchange carrier (north GA); small. Low-confidence #10 — Oscar Health's GA exchange book may be comparable or larger.,Tail-tier pick; consider Oscar Health (GA exchange) as an alternate #10.
HI,1,HMSA (Blue Cross and Blue Shield of Hawaii),hmsa,,Hawaii Medical Service Association (BCBSA licensee),commercial,commercial|medicare_advantage|managed_medicaid,55.8,"Share of Hawaii POPULATION covered (~760,000 residents), all lines combined, per forhealthinsurance.com Hawaii market guide citing 2024 data; commercial-segment share ~50%+. Dominant across individual, small-group, large-group (top-3 incl. UHA >90% combined).","The state's BCBS licensee (nonprofit mutual, independent of the mainland Blues consortia). Largest commercial, largest QUEST Integration Medicaid MCO, and major MA carrier (Akamai Advantage). 2026 partnership with Hawai'i Pacific Health announced. Single most important credentialing contract in the state."
HI,2,Kaiser Permanente Hawaii,kaiser-permanente-hawaii,Kaiser Permanente Hawaii (Kaiser Foundation Health Plan),"Kaiser Foundation Health Plan, Inc.",commercial,commercial|medicare_advantage|managed_medicaid,19.8,"Share of Hawaii POPULATION covered (~270,000 residents), all lines, per forhealthinsurance.com Hawaii guide citing 2024 data.","Closed-model integrated HMO — external providers generally join via referral/contracted arrangements, not open panels. QUEST Integration MCO limited to O'ahu and Maui. Strong MA book (Senior Advantage)."
HI,3,AlohaCare,alohacare,,"AlohaCare (independent, community-founded nonprofit)",medicaid_mco,managed_medicaid|medicare_advantage,,unverified: model knowledge — QUEST Integration MCO status confirmed (medquest.hawaii.gov 2025); enrollment share not published in sources reviewed.,Medicaid-focused local nonprofit founded by Hawaii's community health centers; second-largest QUEST plan historically; also offers a D-SNP (Advantage Plus).
HI,4,UHA Health Insurance (University Health Alliance),uha-health-insurance,,University Health Alliance,commercial,commercial,,No exact share published; forhealthinsurance.com (2024/2026 guides) names UHA among the top-3 insurers that jointly hold >90% of Hawaii's commercial segments.,Employer-group-only carrier (medical/drug/vision); claims one of the largest physician networks in Hawaii. Do not confuse with Illinois 'Health Alliance'.
HI,5,UnitedHealthcare,unitedhealthcare,UnitedHealthcare (Hawaii),UnitedHealth Group,medicare_advantage,medicare_advantage|managed_medicaid|commercial,,unverified: model knowledge for line mix; QUEST Integration MCO status confirmed (medquest.hawaii.gov 2025).,"National carrier present via MA (incl. AARP-branded plans), QUEST Integration Community Plan, and mainland-employer ASO business."
HI,6,'Ohana Health Plan (WellCare / Centene),ohana-health-plan,,Centene Corporation (WellCare),medicaid_mco,managed_medicaid|medicare_advantage,,unverified: model knowledge for enrollment; QUEST Integration MCO status confirmed (medquest.hawaii.gov 2025).,Centene's local Medicaid brand; QUEST Integration MCO plus the CCS behavioral-health carve-out contract and Wellcare-branded MA/D-SNP.
HI,7,HMAA (Hawaii Medical Assurance Association),hmaa,,HMAA,commercial,commercial,,unverified: model knowledge — small local employer-group carrier; no share data in sources reviewed.,Local employer-group medical carrier (Prepaid Health Care Act market); much smaller than HMSA/Kaiser/UHA but a routine credentialing contract for Hawaii practices.
HI,8,TRICARE West (TriWest),tricare-west,TriWest Healthcare Alliance (TRICARE West Region),TriWest Healthcare Alliance,tricare,tricare,,"unverified: model knowledge — TriWest assumed the TRICARE West Region contract (incl. Hawaii) Jan 1, 2025, replacing Health Net Federal Services; beneficiary counts not verified in this pass.",Hawaii's large military population makes the TRICARE West network contract material for credentialing even though TriWest is a contractor/TPA rather than an underwriter.
HI,9,Humana,humana,Humana (Hawaii),Humana Inc.,medicare_advantage,medicare_advantage,,unverified: model knowledge — modest MA presence in HI; no state-level enrollment verified.,MA-only footprint in Hawaii (has exited employer-commercial nationally).
HI,10,Cigna Healthcare,cigna-healthcare,Cigna Healthcare (Hawaii),The Cigna Group,commercial,commercial,,unverified: model knowledge — mainland-headquartered employer ASO lives only; no HI-specific data found.,Present mainly through multi-state self-funded employer accounts; low local market share but appears in Hawaii provider payer mixes.
IA,1,Wellmark Blue Cross and Blue Shield (IA & SD),wellmark-blue-cross-and-blue-shield,Wellmark Blue Cross and Blue Shield (Iowa),"Wellmark, Inc. (independent BCBSA licensee, IA & SD)",commercial,commercial|medicare_advantage,75,"Approximate share of Iowa's COMMERCIAL market across segments (~77.7% large group per AMA-cited data reported by Healthcare Finance News/APCD Journal, 2016-2017 vintage; consistently listed among AMA's most-concentrated states). Not an all-lines figure.",Overwhelmingly dominant commercial carrier; entered Medicare Advantage in recent years (Wellmark Advantage). No Medicaid line. The essential first credentialing contract in Iowa.
IA,2,Iowa Total Care (Centene) — with Ambetter/Wellcare affiliates,iowa-total-care-with-ambetter-wellcare-affiliates,,Centene Corporation,medicaid_mco,managed_medicaid|commercial|medicare_advantage,,"IA Health Link MCO with contract through 2031 (hhs.iowa.gov; iowamedicaidhelp.com 2025); network >30,000 professionals incl. UIHC, MercyOne, UnityPoint. Largest MCO by enrollment per state reports — exact split not re-verified this pass.",Centene's Iowa Medicaid brand plus Ambetter marketplace and Wellcare MA.
IA,3,Molina Healthcare of Iowa,molina-healthcare-of-iowa,,"Molina Healthcare, Inc.",medicaid_mco,managed_medicaid|commercial,,IA Health Link MCO with contract through 2031 (hhs.iowa.gov; iowamedicaidhelp.com 2025); entered 2023; enrollment split not published in sources reviewed.,Medicaid MCO plus Iowa marketplace plans.
IA,4,"Wellpoint Iowa (Elevance Health, formerly Amerigroup Iowa)",wellpoint-iowa,,Elevance Health,medicaid_mco,managed_medicaid,,IA Health Link MCO with contract through 2031; rebranded from Amerigroup Iowa while keeping provider contracts (hhs.iowa.gov; wellpoint.com/ia; iowamedicaidhelp.com 2025).,Elevance's Iowa Medicaid brand; original 2016 IA Health Link incumbent.
IA,5,UnitedHealthcare,unitedhealthcare,UnitedHealthcare (Iowa),UnitedHealth Group,medicare_advantage,medicare_advantage|commercial,,unverified: model knowledge — commonly the largest MA carrier in Iowa plus national-employer ASO lives; state-level enrollment not verified in this pass. (UHC exited IA Health Link Medicaid in 2019.),MA leader + ASO; no current Medicaid contract.
IA,6,Medica,medica,Medica (Iowa),Medica (Minneapolis-based nonprofit),commercial,commercial|medicare_advantage,,unverified: model knowledge — a leading Iowa ACA marketplace carrier since 2017 (statewide individual coverage) plus small group/MA; enrollment not verified in this pass.,Key individual-market carrier statewide.
IA,7,Humana,humana,Humana (Iowa),Humana Inc.,medicare_advantage,medicare_advantage,,unverified: model knowledge — top-tier MA carrier in Iowa; enrollment not verified in this pass.,MA-only.
IA,8,Aetna (CVS Health),aetna,Aetna (CVS Health) (Iowa),CVS Health,commercial,commercial|medicare_advantage,,unverified: model knowledge — employer ASO + MA; no IA-specific data found in this pass.,ASO and MA presence.
IA,9,Cigna Healthcare,cigna-healthcare,Cigna Healthcare (Iowa),The Cigna Group,commercial,commercial,,unverified: model knowledge — self-funded employer ASO lives; no IA-specific data found in this pass.,Primarily ASO.
IA,10,Sanford Health Plan,sanford-health-plan,Sanford Health Plan (Iowa),"Sanford Health (Sioux Falls, SD)",commercial,commercial|medicare_advantage,,unverified: model knowledge — provider-sponsored regional plan serving northwest Iowa (Sioux City/Siouxland corridor); enrollment not verified. Low confidence in this rank-10 slot vs. Avera Health Plans or Quartz.,Regional relevance for NW Iowa practices near the SD border.
ID,1,Blue Cross of Idaho,blue-cross-of-idaho,,"Blue Cross of Idaho Health Service, Inc. (independent BCBSA licensee)",commercial,commercial|medicare_advantage,,"Described as 'the state's largest and only Idaho-based [full-line] insurer, serving all 44 counties, PPO network covering >96% of Idaho physicians' (forhealthinsurance.com Idaho guide, 2026); exact combined share not published in sources reviewed.",State BCBS (Blue Cross side) licensee; largest commercial carrier and a leading MA carrier (True Blue). Its dual-eligible Medicaid (MMCP) contract ended summer 2025 — duals moved to Molina/UHC for 2026.
ID,2,Regence BlueShield of Idaho (Cambia Health Solutions),regence-blueshield-of-idaho,,Cambia Health Solutions,commercial,commercial|medicare_advantage,,"Regence states it serves over 396,000 Idaho residents and administers the state-employee health plan (regence.com, 2025/2026).",State BCBS (Blue Shield side) licensee; holds the Idaho state-employee group plan. Idaho is a split-Blues state — Blue Cross of Idaho and Regence are separate competing licensees.
ID,3,SelectHealth (Intermountain),selecthealth,SelectHealth (Intermountain Health),Intermountain Health,commercial,commercial|medicare_advantage,,Named a top Idaho marketplace/PPO carrier for 2024-2026 (Idaho DOI press releases; forhealthinsurance.com); exact share unpublished.,Utah-based integrated payer expanding in southern Idaho; major Your Health Idaho exchange carrier and growing MA.
ID,4,PacificSource Health Plans,pacificsource-health-plans,PacificSource Health Plans (Idaho),PacificSource,commercial,commercial|medicare_advantage,,Confirmed Your Health Idaho exchange carrier 2024-2026 (Idaho DOI); overall share unpublished — unverified: model knowledge for ranking.,Oregon-based nonprofit regional; commercial group + individual + MA in Idaho.
ID,5,Molina Healthcare of Idaho,molina-healthcare-of-idaho,,"Molina Healthcare, Inc.",medicaid_mco,managed_medicaid|commercial|medicare_advantage,,"Holds Idaho Medicaid Plus (IMPlus) and MMCP dual-eligible contracts effective Jan 2026 (healthandwelfare.idaho.gov; Idaho Reports, Jan 2025); marketplace carrier since 2022 (Idaho DOI).",One of only two Medicaid managed-care medical contractors (duals programs) after winning the 2025 procurement; also sells exchange plans.
ID,6,Mountain Health CO-OP,mountain-health-co-op,,"Mountain Health CO-OP (member-governed CO-OP, ID/MT/WY)",commercial,commercial,,Confirmed Your Health Idaho exchange carrier 2024-2026 (Idaho DOI); enrollment share unpublished — unverified: model knowledge for ranking.,One of the last surviving ACA CO-OPs; individual/small-group only.
ID,7,UnitedHealthcare,unitedhealthcare,UnitedHealthcare (of Idaho),UnitedHealth Group,commercial,commercial|medicare_advantage|managed_medicaid,,IMPlus/MMCP duals contract effective Jan 2026 confirmed (healthandwelfare.idaho.gov); commercial/MA share unverified: model knowledge.,National ASO/MA presence plus the new dual-eligible Medicaid contract alongside Molina.
ID,8,St. Luke's Health Plan,st-luke-s-health-plan,,St. Luke's Health System (Boise),commercial,commercial,,Confirmed as an exchange/commercial entrant since 2023 (Idaho DOI 2024 rate release); enrollment small — unverified: model knowledge for ranking.,Provider-sponsored plan from Idaho's largest health system; Treasure Valley focused.
ID,9,Humana,humana,Humana (Idaho),Humana Inc.,medicare_advantage,medicare_advantage,,unverified: model knowledge — MA-only presence; no state-level enrollment verified in this pass.,MA-only in Idaho.
ID,10,Aetna (CVS Health),aetna,,CVS Health,commercial,commercial|medicare_advantage,,unverified: model knowledge — national ASO + MA presence; no Idaho-specific data found in this pass.,Mostly self-funded employer ASO plus MA; small local share. Moda Health also writes small Idaho commercial volume (near-tie for this slot). Magellan (Idaho Behavioral Health Plan) excluded as behavioral-only.
IL,1,Blue Cross and Blue Shield of Illinois (HCSC),blue-cross-and-blue-shield-of-illinois,,Health Care Service Corporation,commercial,commercial|medicare_advantage|managed_medicaid,,"S&P report on HCSC (2023): 30-90% share in IL fully-insured small group and 30-60% in self-funded segments; historically ~48% of IL A&H premium (Crain's, 2012). Clear #1 by any measure; single combined percentage not published in sources reviewed.",Dominant commercial carrier by a wide margin; also runs the BCCHP Medicaid MCO and substantial MA. The default first credentialing contract in Illinois.
IL,2,"Meridian (Centene) — with Ambetter, Wellcare, YouthCare affiliates",meridian-with-ambetter-wellcare-youthcare-affiliates,,Centene Corporation,medicaid_mco,managed_medicaid|commercial|medicare_advantage,,"Meridian is the largest HealthChoice Illinois MCO by enrollment (HFS MCO enrollment reports, 2024-2025); exact combined Centene share not computed in sources reviewed.","Centene's Illinois lives span the largest Medicaid MCO (Meridian), the DCFS specialty plan (YouthCare), a large marketplace book (Ambetter), and Wellcare MA — credential each network separately."
IL,3,UnitedHealthcare,unitedhealthcare,UnitedHealthcare (Illinois),UnitedHealth Group,commercial,commercial|medicare_advantage,,"Long-standing #2 commercial carrier (~10% of IL A&H premium per Crain's 2012); cited as holding roughly one-third of IL Medicare Advantage enrollment (ilhealthagents.com top-carriers review, 2025). Combined share unpublished.",No HealthChoice Illinois Medicaid contract; strength is commercial ASO (incl. UMR) and the largest MA book.
IL,4,Aetna (CVS Health),aetna,Aetna (CVS Health) / Aetna Better Health of Illinois,CVS Health,commercial,commercial|medicare_advantage|managed_medicaid,,"HealthChoice Illinois MCO status confirmed (HFS, 2025); MA plan-count #2 in IL (NerdWallet 2026); combined lives unpublished — ranking partly unverified: model knowledge.","Three-line presence: employer commercial, large MA footprint, and the statewide Medicaid MCO (ex-IlliniCare book acquired from Centene in 2020)."
IL,5,CountyCare Health Plan (Cook County Health),countycare-health-plan,,Cook County Health & Hospitals System,medicaid_mco,managed_medicaid,,"Cook-County-only HealthChoice Illinois plan, consistently among the largest MCOs by enrollment (~400k range per HFS enrollment reports, 2024-2025 — exact figure not re-verified this pass).","Public, provider-sponsored Medicaid-only plan; Cook County only. Major contract for any Chicago-area Medicaid practice."
IL,6,Cigna Healthcare,cigna-healthcare,Cigna Healthcare (Illinois),The Cigna Group,commercial,commercial|medicare_advantage,,unverified: model knowledge — large Chicago-market self-funded ASO book; no IL-specific published share found in this pass.,Predominantly ASO for large employers; modest MA.
IL,7,Humana,humana,Humana (Illinois),Humana Inc.,medicare_advantage,medicare_advantage,,"Highest MA plan count in IL (32 plans, NerdWallet 2026); enrollment share unpublished in sources reviewed.",MA-focused (exited employer commercial nationally); one of the top 2-3 MA carriers in IL.
IL,8,Molina Healthcare of Illinois,molina-healthcare-of-illinois,,"Molina Healthcare, Inc.",medicaid_mco,managed_medicaid|medicare_advantage|commercial,,"Statewide HealthChoice Illinois MCO confirmed (HFS, 2025); enrollment mid-pack among the MCOs (HFS reports) — exact figure not re-verified this pass.",Medicaid-led with D-SNP and small marketplace books.
IL,9,Health Alliance (Carle Health) — WOUND DOWN,health-alliance-wound-down,,Carle Health,commercial,commercial|medicare_advantage,,"Exited ALL lines of business by Dec 31, 2025 (~30,000+ MA members affected) — Carle Health/Health Alliance press releases and Becker's, 2025.",HISTORICAL entry: downstate Illinois's major regional payer through 2025; retained here because run-out claims/credentialing records persist into 2026. Do not initiate new credentialing.
IL,10,Zing Health,zing-health,,Zing Health Holdings (Chicago),medicare_advantage,medicare_advantage,,"unverified: model knowledge — small Chicago-based MA (HMO/D-SNP) insurer; no enrollment verified in this pass. Low confidence in this rank-10 slot vs. other small MA entrants (e.g., Devoted Health).",Physician-founded MA plan focused on underserved Chicago-area communities.
IN,1,Anthem Blue Cross and Blue Shield of Indiana (Elevance),anthem-blue-cross-and-blue-shield-of-indiana,Anthem Blue Cross and Blue Shield of Indiana (Elevance Health),Elevance Health,commercial,commercial|medicare_advantage|managed_medicaid,42.5,"Share of privately insured lives in the Indianapolis metro (Indianapolis Business Journal, citing AMA-style market data; older vintage — statewide combined share not published in sources reviewed). Directionally confirmed dominant by AMA Competition in Health Insurance study coverage (Becker's).","Home-state Elevance flagship: dominant commercial, Medicaid MCE across all programs, PathWays LTSS, and major MA. Elevance is headquartered in Indianapolis."
IN,2,UnitedHealthcare,unitedhealthcare,UnitedHealthcare (Indiana),UnitedHealth Group,commercial,commercial|medicare_advantage|managed_medicaid,12.8,"Share of privately insured lives in the Indianapolis metro, #2 to Anthem (Indianapolis Business Journal / AMA-derived; older vintage). Combined statewide share unpublished.",Commercial #2 plus Medicaid MCE (Hoosier Care Connect and PathWays; added to broader programs per IHCP) and a top MA book.
IN,3,CareSource Indiana,caresource-indiana,,"CareSource (Dayton, OH nonprofit)",medicaid_mco,managed_medicaid|commercial|medicare_advantage,,"Active IHCP MCE for Hoosier Healthwise/HIP/Hoosier Care Connect confirmed (in.gov/medicaid, 2025-2026 open enrollment); enrollment split among MCEs not published in sources reviewed.",One of the three MCEs members could pick in the Nov-Dec 2025 open enrollment (Anthem/CareSource/MHS); also sells Indiana marketplace and D-SNP products.
IN,4,"MHS — Managed Health Services (Centene), with Ambetter/Wellcare affiliates",mhs-managed-health-services-with-ambetter-wellcare-affiliates,,Centene Corporation,medicaid_mco,managed_medicaid|commercial|medicare_advantage,,"Active IHCP MCE confirmed (in.gov/medicaid, 2025-2026); enrollment split unpublished in sources reviewed.",Centene's Indiana brand — Medicaid MCE plus Ambetter marketplace and Wellcare MA riding the same network organization.
IN,5,Humana,humana,Humana (Indiana) / Humana Healthy Horizons in Indiana,Humana Inc.,medicare_advantage,medicare_advantage|managed_medicaid|tricare,,"PathWays for Aging MCE status confirmed (in.gov/medicaid, 2025-2026); MA enrollment share unpublished — ranking partly unverified: model knowledge.","Top-tier MA carrier, PathWays LTSS Medicaid contract, and Indiana falls in TRICARE East (administered by Humana Military through the T-5 transition)."
IN,6,Aetna (CVS Health),aetna,Aetna (CVS Health) (Indiana),CVS Health,commercial,commercial|medicare_advantage,,unverified: model knowledge — national ASO + MA presence; no IN-specific share found in this pass.,Employer ASO and MA; no IHCP Medicaid contract.
IN,7,Cigna Healthcare,cigna-healthcare,Cigna Healthcare (Indiana),The Cigna Group,commercial,commercial,,unverified: model knowledge — self-funded employer ASO presence; no IN-specific share found in this pass.,Primarily ASO for large employers.
IN,8,"MDwise — EXITED Indiana Medicaid (Jan 1, 2026)",mdwise-exited-indiana-medicaid,,"MDwise, Inc. (was McLaren Health Care affiliate)",medicaid_mco,managed_medicaid,,"Exit effective Jan 1, 2026 confirmed (medsolercm.com IHCP 2026 guide; IHCP open-enrollment materials). Historical enrollment (hundreds of thousands in Hoosier Healthwise/HIP) not re-verified this pass.","HISTORICAL entry: long-time Indianapolis-based Medicaid-only MCE, no longer an option after Jan 1, 2026; members auto-reassigned to Anthem/CareSource/MHS. Run-out claims/records persist into 2026. Do not initiate new credentialing."
IN,9,Physicians Health Plan of Northern Indiana (PHP),physicians-health-plan-of-northern-indiana,,"PHP (Fort Wayne-based, provider-affiliated)",commercial,commercial|medicare_advantage,,unverified: model knowledge — regional employer-group carrier in northeast Indiana; no enrollment verified in this pass.,Regional payer relevant for Fort Wayne / northeast Indiana practices.
IN,10,IU Health Plans (now part of Elevance Health),iu-health-plans,,"Elevance Health (acquired from Indiana University Health, 2024)",medicare_advantage,medicare_advantage|commercial,,unverified: model knowledge — Elevance's 2024 acquisition of IU Health Plans; membership figures not verified in this pass.,Provider-sponsored MA/employer plan folded into Anthem/Elevance; listed separately because legacy contracts and member IDs persist. Low confidence in this rank-10 slot.
KS,1,Blue Cross and Blue Shield of Kansas,blue-cross-and-blue-shield-of-kansas,,"Independent BCBS licensee (Topeka, KS)",commercial,commercial|medicare_advantage,61.3,Share of Kansas individual/exchange market enrollment; forhealthinsurance.com Kansas carrier comparison citing 2026 marketplace data. Its all-lines commercial share (incl. large group/ASO) is also the state's largest but no single verified percentage found.,Statewide licensee for 103 of 105 counties (everything EXCEPT the Kansas City metro counties served by Blue KC). Only carrier with statewide network across all 105 counties. Also offers Medicare Advantage (Blue Medicare Advantage) and is a minority partner in Healthy Blue KanCare MCO. Kansas has TWO Blue licensees with distinct service areas - credential separately.
KS,2,Blue Cross and Blue Shield of Kansas City (Blue KC),blue-cross-and-blue-shield-of-kansas-city,Blue Cross and Blue Shield of Kansas City (Kansas City metro counties),"Independent BCBS licensee (Blue KC, Kansas City, MO)",commercial,commercial|medicare_advantage,,"No verified in-state percentage found; dominant commercial carrier within its KS service area (Johnson, Wyandotte, Leavenworth, Miami counties per 2026 marketplace filings; forhealthinsurance.com, 2026).",Second Kansas Blue licensee; service area is the KC metro on both sides of the state line (KS counties incl. Johnson and Wyandotte). Blue Medicare Advantage in metro. Minority partner in Healthy Blue KanCare JV. Distinct payer ID/credentialing from BCBSKS.
KS,3,UnitedHealthcare,unitedhealthcare,UnitedHealthcare (incl. UnitedHealthcare Community Plan of Kansas),UnitedHealth Group,commercial,commercial|medicare_advantage|managed_medicaid,,"No verified KS-specific percentage; largest national carrier by commercial + MA presence in KS (AMA Competition in Health Insurance context, 2023-2024 editions). unverified: model knowledge for exact rank position.",KanCare incumbent MCO re-awarded for 2025-2027; large employer ASO book (incl. UMR); Medicare Advantage statewide; on the 2026 KS marketplace.
KS,4,Sunflower Health Plan,sunflower-health-plan,,Centene Corporation,medicaid_mco,managed_medicaid|commercial|medicare_advantage,,"One of three KanCare MCOs splitting ~458k enrollees (KDHE, 2024); per-plan split not published in sources reviewed.",KanCare incumbent MCO re-awarded 2025-2027. Centene's KS marketplace product is Ambetter from Sunflower Health Plan; Centene MA sold under Wellcare brand. Credentialing typically flows through Centene/Sunflower.
KS,5,Healthy Blue Kansas,healthy-blue-kansas,,"Elevance Health (majority, via Anthem Partnership Holding Co.) with BCBS of Kansas and Blue KC as minority partners",medicaid_mco,managed_medicaid,,"New KanCare MCO effective Jan 1, 2025, replacing Aetna Better Health of Kansas (KDHE announcement, 2024); absorbed former Aetna membership by default assignment.",Medicaid-only JV; ~90% Elevance-owned per bid-protest filings. Do not confuse with either Kansas Blue licensee's commercial products - separate credentialing.
KS,6,Aetna (CVS Health),aetna,,CVS Health,commercial,commercial|medicare_advantage,,"unverified: model knowledge (national carrier with KS commercial group + MA book; lost KanCare Medicaid effective 12/31/2024 per KDHE, 2024).","Aetna Better Health of Kansas exited KanCare Jan 1, 2025 - Medicaid line now closed in KS; commercial and MA continue."
KS,7,Humana,humana,,Humana Inc.,medicare_advantage,medicare_advantage,,unverified: model knowledge (Humana is a top-2 MA carrier nationally with ~20% of MA enrollment per KFF 2026; KS-specific MA split not found in sources reviewed).,"MA-focused in Kansas (Wichita, KC metro, and rural PPO counties). No KS Medicaid or meaningful commercial group book."
KS,8,Cigna Healthcare,cigna-healthcare,,The Cigna Group,commercial,commercial,,"On the 2026 Kansas HealthCare.gov marketplace (forhealthinsurance.com, 2026); employer ASO presence unverified: model knowledge.",Primarily employer ASO/national accounts plus 2026 individual marketplace entry. Cigna's MA book was sold to HCSC (closed 2025) - MA under Cigna brand transitioning.
KS,9,Oscar Health,oscar-health,,"Oscar Health, Inc.",commercial,commercial,,"2026 Kansas marketplace entrant (forhealthinsurance.com, 2026); enrollment small relative to incumbents.",Individual/exchange only. Low covered-lives ranking - included as an active marketplace medical carrier; may be displaced from a strict top-10 by TRICARE lives.
KS,10,TRICARE West (TriWest),tricare-west,TriWest Healthcare Alliance (TRICARE West Region),TriWest Healthcare Alliance,tricare,tricare,,"Kansas is in the TRICARE West Region, administered by TriWest since Jan 1, 2025 (replacing Health Net Federal Services) - tricare.mil regional realignment notices, 2024-2025.","Significant covered lives around Fort Riley, Fort Leavenworth, and McConnell AFB. payer_kind has no tricare option; listed under commercial per instructions to pick dominant-line label - treat as TRICARE MCSC for credentialing."
KY,1,Anthem Blue Cross and Blue Shield of Kentucky (Elevance),anthem-blue-cross-and-blue-shield-of-kentucky,Anthem Blue Cross and Blue Shield Kentucky (Elevance),Elevance Health,commercial,commercial|medicare_advantage,,"Kentucky repeatedly flagged among the least-competitive commercial markets with the Blue (Anthem) as the dominant carrier (AMA Competition in Health Insurance, 2023-2024 editions); exact statewide all-lines percentage not published in sources reviewed.",Dominant commercial carrier (fully-insured + ASO/BlueCard). Exited KY Medicaid effective 1/1/2025 - Medicaid line closed; commercial + MA continue.
KY,2,Humana,humana,Humana (incl. Humana Healthy Horizons in Kentucky),"Humana Inc. (HQ Louisville, KY)",medicare_advantage,medicare_advantage|managed_medicaid|commercial|tricare,,"Humana is the hometown carrier and a national top-2 MA insurer (20% of national MA enrollment, KFF 2026); KY-specific MA share not published in sources reviewed - widely reported as the KY MA leader (unverified: model knowledge for the in-state number).","MA leader in KY; Humana Healthy Horizons is a KY Medicaid MCO (absorbed much of Anthem's exited membership Jan 2025); modest employer group book. Humana Military administers TRICARE East, which covers Kentucky (Fort Knox, Fort Campbell)."
KY,3,WellCare of Kentucky,wellcare-of-kentucky,,Centene Corporation,medicaid_mco,managed_medicaid|commercial|medicare_advantage,,"Largest KY Medicaid MCO by enrollment among the five plans serving ~1.5M enrollees (KY CHFS MCO materials, FY2024-FY2026 report cards); per-plan split not republished here - unverified: model knowledge for exact share.",Centene's KY flagship. Same corporate family sells Ambetter marketplace plans and Wellcare MA in KY.
KY,4,Passport Health Plan by Molina Healthcare,passport-health-plan-by-molina-healthcare,,Molina Healthcare,medicaid_mco,managed_medicaid|commercial,,One of five KY Medicaid MCOs (KY CHFS 2024-2026 MCO report cards); historically the major Louisville-region plan. Per-plan enrollment not verified.,Legacy Louisville provider-sponsored brand acquired by Molina (2020). Molina also sells KY marketplace plans. Credential under Molina/Passport.
KY,5,UnitedHealthcare,unitedhealthcare,UnitedHealthcare (incl. UnitedHealthcare Community Plan of Kentucky),UnitedHealth Group,commercial,commercial|medicare_advantage|managed_medicaid,,"unverified: model knowledge for in-state share; MCO status verified via KY CHFS 2024-2026 MCO lists; received reassigned Anthem Medicaid members Jan 2025 (news coverage, 2024).",Employer ASO + MA + Medicaid MCO (entered KY Medicaid 2021).
KY,6,Aetna (CVS Health),aetna,Aetna (CVS Health) (incl. Aetna Better Health of Kentucky),CVS Health,medicaid_mco,managed_medicaid|commercial|medicare_advantage,,KY Medicaid MCO verified via KY CHFS 2024-2026 MCO lists; commercial/MA book size unverified: model knowledge.,Medicaid MCO plus mid-size commercial group and MA books; dominant line in-state is the Medicaid contract.
KY,7,Cigna Healthcare,cigna-healthcare,,The Cigna Group,commercial,commercial,,unverified: model knowledge (national ASO presence in Louisville/Lexington employer market; no KY-specific published share found).,Employer ASO/national accounts. Cigna MA book sold to HCSC (2025).
KY,8,CareSource Kentucky,caresource-kentucky,,"CareSource (Dayton, OH nonprofit)",commercial,commercial,,unverified: model knowledge (CareSource sells KY individual marketplace plans; enrollment modest; no published KY share found in sources reviewed).,Marketplace/exchange plans in KY; no KY Medicaid contract (unlike its Ohio home market).
KY,9,TRICARE East (Humana Military),tricare-east,Humana Military (TRICARE East Region),Humana Inc.,tricare,tricare,,"Kentucky remains in the TRICARE East Region administered by Humana Military under the T-5 contract (tricare.mil regional realignment notices, 2024-2025).",Large covered-lives block around Fort Knox and Fort Campbell. Listed separately from Humana's MA/Medicaid entity because credentialing/networks differ; payer_kind label constrained to commercial.
KY,10,Ambetter from WellCare of Kentucky (Centene),ambetter-from-wellcare-of-kentucky,,Centene Corporation,commercial,commercial,,unverified: model knowledge (Centene marketplace brand active in KY; enrollment not separately published in sources reviewed).,Same parent as WellCare of Kentucky (rank 3) - separate product brand/network for credentialing; do not double-count lives at the parent level.
LA,1,Blue Cross and Blue Shield of Louisiana,blue-cross-and-blue-shield-of-louisiana,,Independent BCBS licensee (Baton Rouge; sale to Elevance abandoned Feb 2024 - remains independent),commercial,commercial|medicare_advantage,,"Dominant commercial carrier; LA consistently among the most Blue-concentrated commercial markets (AMA Competition in Health Insurance, 2023-2024 editions). ~1.9M members per BCBSLA corporate statements (lablue.com, 2023-2024). No single verified statewide all-lines percentage.","The $2.5B Elevance acquisition was withdrawn Feb 14, 2024 (Healthcare Dive/nola.com) - still an independent nonprofit as of mid-2026. Partner in the Healthy Blue Medicaid JV. Credential HMO Louisiana and Blue Advantage under BCBSLA."
LA,2,Humana,humana,Humana (incl. Humana Healthy Horizons in Louisiana),Humana Inc.,medicare_advantage,medicare_advantage|managed_medicaid|commercial,62,Share of Louisiana Medicare Advantage market reported at ~62% in nola.com coverage of the Peoples Health acquisition (2018 figure - dated; Humana remains the LA MA leader per NerdWallet/Forbes 2026 plan roundups but current share unverified).,LA MA leader; also a Healthy Louisiana Medicaid MCO (entered 2023 round). Treat the 62% as MA-line-only and dated.
LA,3,Louisiana Healthcare Connections,louisiana-healthcare-connections,,Centene Corporation,medicaid_mco,managed_medicaid|commercial|medicare_advantage,,Historically the largest Healthy Louisiana MCO by enrollment (LDH managed-care enrollment reports; per-plan split not republished here - unverified: model knowledge for exact share).,Centene's LA flagship Medicaid plan; Ambetter marketplace and Wellcare MA share the parent.
LA,4,AmeriHealth Caritas Louisiana,amerihealth-caritas-louisiana,,AmeriHealth Caritas (Independence Blue Cross/Blue Cross family),medicaid_mco,managed_medicaid,,"One of the five 2026 Healthy Louisiana MCOs (LDH, 2025-2026); per-plan enrollment not verified in sources reviewed.",Medicaid-only in LA; long-tenured incumbent since 2012.
LA,5,Healthy Blue Louisiana,healthy-blue-louisiana,,Joint venture of Blue Cross and Blue Shield of Louisiana and Elevance Health (Anthem/Amerigroup),medicaid_mco,managed_medicaid|medicare_advantage,,"One of the five 2026 Healthy Louisiana MCOs (LDH, 2025-2026); per-plan enrollment not verified.",Medicaid brand distinct from BCBSLA commercial - separate credentialing/provider portal (healthybluela.com).
LA,6,UnitedHealthcare,unitedhealthcare,UnitedHealthcare (incl. Peoples Health parent lines),UnitedHealth Group,commercial,commercial|medicare_advantage,,"Exited LA Medicaid effective Dec 31, 2025 (LDH announcement, 2025); commercial ASO + UHC-branded MA continue - in-state share unverified: model knowledge.","Combined with Peoples Health (below), UHG is the #2 MA parent in LA. UHC Community Plan of Louisiana Medicaid line closed 12/31/2025."
LA,7,Peoples Health (UnitedHealth Group),peoples-health,,UnitedHealth Group (acquired 2018),medicare_advantage,medicare_advantage,,"#2 MA plan in Louisiana with 63,000+ members at acquisition (nola.com/theadvocate.com, 2018); still marketed as a distinct UHC Community Plan MA/D-SNP brand for 2025-2026 (uhc.com plan pages).",New Orleans-based MA brand; credentialed separately from UHC commercial in many groups' experience - listed as its own operating name per instructions.
LA,8,Aetna (CVS Health),aetna,Aetna (CVS Health) (incl. Aetna Better Health of Louisiana),CVS Health,medicaid_mco,managed_medicaid|commercial|medicare_advantage,,"One of the five 2026 Healthy Louisiana MCOs (LDH, 2025-2026); commercial/MA books smaller - unverified: model knowledge for in-state totals.",Dominant LA line is the Medicaid MCO contract; also sells MA and employer coverage.
LA,9,Vantage Health Plan,vantage-health-plan,,"Vantage Holdings (Monroe, LA; affiliated with Affinity Health Group)",medicare_advantage,medicare_advantage|commercial,6,"~6% of the Louisiana Medicare Advantage market (nola.com Peoples Health acquisition coverage, 2018 figure - dated; MA-line-only).",North-Louisiana regional carrier (Monroe); MA plus small commercial/marketplace book.
LA,10,Cigna Healthcare,cigna-healthcare,,The Cigna Group,commercial,commercial,,unverified: model knowledge (employer ASO presence in New Orleans/Baton Rouge markets; no LA-specific published share found).,"ASO/national accounts. Note: Louisiana moved to the TRICARE West Region under TriWest on Jan 1, 2025 (tricare.mil) - TriWest is a further credentialing-relevant payer for Fort Johnson/Barksdale AFB catchments just outside this top 10."
MA,1,Blue Cross Blue Shield of Massachusetts,blue-cross-blue-shield-of-massachusetts,,Blue Cross Blue Shield of Massachusetts (independent licensee),commercial,commercial|medicare_advantage,,No single verified all-lines % from searches; $9.7B premium in 2024 (Becker's/statutory filings) and consistently the largest MA commercial insurer in AMA Competition in Health Insurance editions. Roughly 3M members including ASO.,"Dominant commercial payer (fully-insured + large ASO book); also Medex supplement and MA plans (7 MA plans, 4.5-star 2026). Single largest credentialing target in the state."
MA,2,Point32Health (Harvard Pilgrim Health Care + Tufts Health Plan),point32health,,Point32Health,commercial,commercial|medicare_advantage|managed_medicaid,,"No verified % from searches; ~2M members across brands (company reporting, some in NH/ME). Clear #2 in MA commercial per AMA/state CHIA data pattern.","Two legacy networks/credentialing tracks (Harvard Pilgrim commercial; Tufts commercial + Tufts Medicare Preferred, one of the largest MA plans in the state). Tufts Health Together MCO plan ended 1/1/2026; ACO partnership plans continue."
MA,3,WellSense Health Plan (Boston Medical Center Health System),wellsense-health-plan,,Boston Medical Center Health System,medicaid_mco,managed_medicaid|commercial,,"No verified % from searches; largest MassHealth managed-care plan by lives (fronts the WellSense MCO plan plus multiple ACO partnership plans - Care Alliance, Community Alliance, Mercy Alliance, Signature Alliance; verified via mass.gov/wellsense.org 2024-2026).",Rebranded from BMC HealthNet Plan in 2022. Largest Medicaid book in the state (also operates in NH). ConnectorCare/QHP presence. High-volume credentialing payer for safety-net providers.
MA,4,UnitedHealthcare,unitedhealthcare,,UnitedHealth Group,commercial,commercial|medicare_advantage,,unverified: model knowledge - large national-account ASO lives plus MA plans; not among the top 2 fully-insured carriers in MA state data.,Presence is mostly self-funded employer (ASO) plus Medicare Advantage; modest fully-insured share in this locally-dominated market.
MA,5,Mass General Brigham Health Plan,mass-general-brigham-health-plan,,Mass General Brigham,commercial,commercial|managed_medicaid,,unverified: model knowledge - roughly 300-450k members per plan/press reporting; provider-owned plan.,Renamed from AllWays Health Partners in 2023. Commercial (incl. GIC offering) plus MassHealth ACO participation (My Care Family with Lawrence General historically).
MA,6,Fallon Health,fallon-health,,Fallon Health (independent nonprofit),commercial,commercial|medicare_advantage|managed_medicaid,,unverified: model knowledge - ~200k members concentrated in Central MA.,Central-Massachusetts regional; significant Senior Care Options (NaviCare) and PACE (Summit ElderCare) books - duals credentialing relevant.
MA,7,Health New England,health-new-england,,Baystate Health,commercial,commercial|medicare_advantage|managed_medicaid,,"unverified: model knowledge - ~180k members, western MA regional.","Dominant in the Springfield/western MA market; commercial, Medicare Advantage, and MassHealth ACO (BeHealthy Partnership)."
MA,8,Cigna Healthcare,cigna-healthcare,,The Cigna Group,commercial,commercial,,unverified: model knowledge - ASO-heavy national-account book; named among major MA insurers in mass.gov merged-market materials.,Almost entirely self-funded employer business in MA; no Medicaid; minimal individual market.
MA,9,UniCare (Elevance Health),unicare,,Elevance Health,commercial,commercial,,unverified: model knowledge - UniCare State Indemnity Plan serves a large share of the ~440k-life MA Group Insurance Commission (state/municipal employee) population.,Elevance's non-Blue MA vehicle (BCBSMA holds the Blue license). Effectively a single-client (GIC) payer but a large one; distinct credentialing/network.
MA,10,Commonwealth Care Alliance,commonwealth-care-alliance,,Commonwealth Care Alliance (nonprofit),medicare_advantage,medicare_advantage|managed_medicaid,,"unverified: model knowledge - duals-focused plan (One Care + Senior Care Options), tens of thousands of members but outsized revenue/utilization.",Duals specialist (MMP/D-SNP-equivalent). Aetna (CVS) and Humana MA books are of comparable size just below this cut.
MD,1,CareFirst BlueCross BlueShield,carefirst-bluecross-blueshield,CareFirst BlueCross BlueShield (MD),"CareFirst, Inc. (independent BCBS licensee for MD, DC, N. Virginia)",commercial,commercial|managed_medicaid|medicare_advantage,43,"43% of the Maryland commercial market as the state's largest commercial insurer (Becker's Payer Issues largest-commercial-insurer-by-state compilation from AMA Competition in Health Insurance data, 2024); ~3.5M members across the Mid-Atlantic region (CareFirst corporate, 2024-2026).","Dominant across individual, small and large group; HealthChoice MCO via CareFirst CHP MD; MA products. Credential BlueChoice HMO, PPO, Medicaid, and MA lines separately."
MD,2,Kaiser Permanente Mid-Atlantic States,kaiser-permanente-mid-atlantic-states,Kaiser Permanente (Kaiser Foundation Health Plan of the Mid-Atlantic States),"Kaiser Foundation Health Plan, Inc.",commercial,commercial|managed_medicaid|medicare_advantage,,"#2 commercial carrier in the MD/DC/NoVA region (AMA Competition in Health Insurance MSA-level data, 2023-2024 editions); MD-only percentage not published in sources reviewed.",Closed-panel HMO (Mid-Atlantic Permanente Medical Group) - external credentialing opportunities limited to contracted community providers. Also a HealthChoice MCO and MA carrier.
MD,3,UnitedHealthcare,unitedhealthcare,UnitedHealthcare (incl. UnitedHealthcare Community Plan of Maryland),UnitedHealth Group,commercial,commercial|medicare_advantage|managed_medicaid,,unverified: model knowledge for in-state share (large national-account/ASO block in the Baltimore-Washington market plus MA and a HealthChoice MCO - MCO status verified via Maryland DOH 2025-2026 MCO list).,Commercial ASO is the dominant line; HealthChoice MCO and MA also active.
MD,4,Priority Partners (Johns Hopkins Health Plans),priority-partners,,Johns Hopkins Medicine (JV with Maryland Community Health System),medicaid_mco,managed_medicaid,,Historically the largest HealthChoice MCO by enrollment (Maryland DOH / Hilltop Institute HealthChoice enrollment reports; exact 2025 split not republished - unverified: model knowledge for the current number).,"New-member enrollment paused 3/17-5/16/2025 due to NCQA accreditation suspension (since resumed). Sibling Johns Hopkins Health Plans products - Advantage MD (MA), EHP (self-funded), US Family Health Plan (TRICARE) - share the Hopkins provider network but credential separately."
MD,5,Maryland Physicians Care,maryland-physicians-care,,"JV of Maryland hospital systems (incl. Ascension Saint Agnes, LifeBridge Health, Trinity Health/Holy Cross)",medicaid_mco,managed_medicaid,,Second-largest HealthChoice MCO by enrollment (Maryland DOH/Hilltop HealthChoice enrollment reporting; exact current split unverified: model knowledge).,"Medicaid-only, statewide."
MD,6,Wellpoint Maryland (Elevance),wellpoint-maryland,,"Elevance Health (renamed from Amerigroup Community Care, 2024)",medicaid_mco,managed_medicaid,,"Major HealthChoice MCO (Maryland DOH 2025-2026 MCO list; Wellpoint member/provider materials, 2025); enrollment split unverified.",Rebrand from Amerigroup - legacy Amerigroup payer IDs/contracts may persist; confirm entity name on credentialing paperwork.
MD,7,Aetna (CVS Health),aetna,Aetna (CVS Health) (incl. Aetna Better Health of Maryland),CVS Health,commercial,commercial|medicare_advantage|managed_medicaid,,unverified: model knowledge for in-state share; HealthChoice MCO status verified via Maryland DOH 2025-2026 MCO list.,Commercial group/ASO plus MA and a mid-size HealthChoice MCO; also administers Innovation Health-style products regionally.
MD,8,MedStar Family Choice,medstar-family-choice,,MedStar Health,medicaid_mco,managed_medicaid|medicare_advantage,,HealthChoice MCO (Maryland DOH 2025-2026 MCO list); enrollment split unverified: model knowledge.,Provider-sponsored (MedStar system); MedStar also sells MA under MedStar Medicare Choice.
MD,9,Cigna Healthcare,cigna-healthcare,,The Cigna Group,commercial,commercial,,unverified: model knowledge (meaningful ASO/national-accounts block in the Baltimore-Washington corridor; no MD-specific published share found).,Employer ASO; Cigna's MA book sold to HCSC (closed 2025).
MD,10,TRICARE East (Humana Military),tricare-east,Humana / Humana Military (TRICARE East Region),Humana Inc.,medicare_advantage,medicare_advantage|tricare,,"Maryland remains in the TRICARE East Region administered by Humana Military under T-5 (tricare.mil regional realignment notices, 2024-2025); Humana MA presence in MD is modest - unverified: model knowledge for MA share.","Large TRICARE population (Fort Meade, Joint Base Andrews, NSA Bethesda/Walter Reed catchment) plus an MA book. Jai Medical Systems (small Baltimore HealthChoice MCO) is the notable payer just outside this top 10."
ME,1,Anthem Blue Cross and Blue Shield of Maine (Elevance),anthem-blue-cross-and-blue-shield-of-maine,Anthem Blue Cross and Blue Shield in Maine (Elevance),Elevance Health (Anthem Health Plans of Maine),commercial,commercial|medicare_advantage,50,"Over 50% of CoverME.gov individual-market enrollees and ~57% of the small-group market (forhealthinsurance.com Maine carrier comparison, 2026, citing Maine Bureau of Insurance data); large-group/ASO leadership consistent with AMA study concentration findings.",The state's Blue licensee and largest carrier across commercial lines; also sells MA. Was in a high-profile network dispute with MaineHealth (resolved) - watch network participation by system.
ME,2,Harvard Pilgrim Health Care (Point32Health),harvard-pilgrim-health-care,,Point32Health (Harvard Pilgrim + Tufts Health Plan),commercial,commercial,,"#2 commercial carrier; 9,346 small-group lives plus 2,163 via HPHC Insurance Company vs Anthem's 25,784 (Maine Bureau of Insurance Rule 945 financial results report, 2023).",Strong in group markets with the Maine Choice network. Point32Health announced merger plans with Big Y-region peers at various points - verify current entity name at credentialing.
ME,3,Martin's Point Generations Advantage,martin-s-point-generations-advantage,Martin's Point Generations Advantage (Martin's Point Health Care),"Martin's Point Health Care (Portland, ME nonprofit)",medicare_advantage,medicare_advantage|tricare,,"73,000+ MA enrollees across ME and NH (martinspoint.org, 2024-2026); the leading local MA plan in Maine and the state's only 5-star-rated local plans (CMS star ratings via martinspoint.org).",Also runs the US Family Health Plan (TRICARE Prime designated provider) for northern New England. Two separate products/credentialing tracks: Generations Advantage (MA) and USFHP (TRICARE).
ME,4,UnitedHealthcare,unitedhealthcare,,UnitedHealth Group,medicare_advantage,medicare_advantage|commercial,,"unverified: model knowledge (UHC is the other major MA carrier in Maine and holds a modest group book - 1,354 combined small-group lives per Maine BOI 2023 report; MA enrollment split not found).",MA (incl. AARP-branded plans) is the dominant Maine line; small commercial presence.
ME,5,Community Health Options,community-health-options,,"Independent CO-OP (Lewiston, ME)",commercial,commercial,,"6,341 small-group lives (Maine BOI Rule 945 report, 2023); a leading CoverME.gov individual-market carrier and the only Platinum-tier issuer (forhealthinsurance.com, 2026).",One of the last surviving ACA CO-OPs; individual + small group only.
ME,6,Aetna (CVS Health),aetna,,CVS Health,medicare_advantage,medicare_advantage|commercial,,unverified: model knowledge (Aetna expanded Maine MA offerings 2022-2025; employer ASO present; no published Maine share found).,MA plus national-account ASO lives.
ME,7,Cigna Healthcare,cigna-healthcare,,The Cigna Group,commercial,commercial,,unverified: model knowledge (ASO/national accounts only; no Maine-specific published share found).,Self-funded employer administration.
ME,8,Humana,humana,,Humana Inc.,medicare_advantage,medicare_advantage,,unverified: model knowledge (Humana sells MA in Maine but trails UHC/Martin's Point/Aetna/Anthem; Humana announced county exits nationally for 2026 per KFF/Healthcare Dive 2025).,Verify 2026 county footprint before credentialing commitments - national MA pullbacks affected Maine counties.
ME,9,Wellcare (Centene),wellcare,WellCare (Centene),Centene Corporation,medicare_advantage,medicare_advantage,,unverified: model knowledge (small Maine MA book; standalone PDP excluded per instructions).,Minor MA presence; no Maine Medicaid (state is FFS) or commercial.
ME,10,Mending (formerly Taro Health),mending,,Mending Health,commercial,commercial,,"141 small-group lives and a direct-primary-care-model individual product in 10 of 16 counties (Maine BOI 2023 report; forhealthinsurance.com, 2026).",Very small niche marketplace carrier - included because Maine's medical-payer field is thin beyond the majors (no Medicaid MCOs exist to fill the list).
MI,1,Blue Cross Blue Shield of Michigan (incl. Blue Care Network),blue-cross-blue-shield-of-michigan,,Blue Cross Blue Shield of Michigan Mutual,commercial,commercial|medicare_advantage|managed_medicaid,50,"Share of the overall Michigan health insurance market ('nearly half' / 'half of the state's market'), Bridge Michigan reporting, 2025.",Overwhelmingly dominant: PPO (BCBSM) and HMO (Blue Care Network) are separate networks/credentialing tracks; Medicare Plus Blue MA-PPO is among the largest MA plans in the country. Medicaid flows through affiliate Blue Cross Complete (listed separately).
MI,2,Priority Health (Corewell Health),priority-health,,Corewell Health,commercial,commercial|medicare_advantage|managed_medicaid,13,"Share of the Michigan health insurance market, Bridge Michigan reporting, 2025.","~1.3M members; #2 statewide, strongest in West Michigan. Commercial + large MA book + Medicaid (Priority Health Choice, 2024 rebid winner)."
MI,3,Meridian Health Plan of Michigan (Centene),meridian-health-plan-of-michigan,,Centene Corporation,medicaid_mco,managed_medicaid|medicare_advantage|commercial,,"No verified % from searches; largest Michigan Medicaid Health Plan by enrollment (~500k), retained statewide-scale footprint in the 2024 rebid (MDHHS awards, April 2024).","Centene's MI complex: Meridian (Medicaid), Ambetter (marketplace), Wellcare (MA). Detroit-metro anchor. Healthcare Dive noted minor regional losses in the 2024 rebid but it remains the largest MHP."
MI,4,Health Alliance Plan (Henry Ford Health),health-alliance-plan,,Henry Ford Health,commercial,commercial|medicare_advantage|managed_medicaid,,"unverified: model knowledge - ~400-450k members, SE Michigan concentrated.","Henry Ford-owned; commercial + MA; Medicaid via HAP CareSource JV (2024 rebid winner). Note: HAP CareSource withdrew from the ACA individual marketplace for 2026 (~18.8k members, Detroit News Oct 2025)."
MI,5,UnitedHealthcare,unitedhealthcare,,UnitedHealth Group,commercial,commercial|medicare_advantage|managed_medicaid,,unverified: model knowledge - national ASO + MA lives plus UHC Community Plan (2024 Medicaid rebid winner).,"Diversified: employer ASO, Medicare Advantage, and Medicaid MHP contract statewide."
MI,6,Molina Healthcare of Michigan,molina-healthcare-of-michigan,,Molina Healthcare,medicaid_mco,managed_medicaid|medicare_advantage|commercial,,"No verified % from searches; top-3 Michigan Medicaid MCO (~350-400k), 2024 rebid winner with minor regional losses (Healthcare Dive, April 2024).",Medicaid-led with marketplace and duals/MA books.
MI,7,Blue Cross Complete of Michigan,blue-cross-complete-of-michigan,,BCBSM / AmeriHealth Caritas joint venture,medicaid_mco,managed_medicaid,,unverified: model knowledge - ~250-300k Medicaid members; 2024 rebid winner (MDHHS award list verified).,Separate credentialing/network from BCBSM commercial - AmeriHealth Caritas operates it.
MI,8,McLaren Health Plan,mclaren-health-plan,,McLaren Health Care,medicaid_mco,managed_medicaid|commercial|medicare_advantage,,unverified: model knowledge - ~250k members across Medicaid + commercial; 2024 Medicaid rebid winner (verified).,"Provider-owned (McLaren system), Flint-based; Medicaid-led with a commercial HMO book."
MI,9,Aetna (CVS Health),aetna,,CVS Health,commercial,commercial|medicare_advantage|managed_medicaid,,"unverified: model knowledge - employer ASO + MA plus Aetna Better Health of Michigan (2024 Medicaid rebid winner, verified).",Diversified national carrier; Medicaid via Aetna Better Health.
MI,10,Humana,humana,,Humana Inc.,medicare_advantage,medicare_advantage,,"unverified: model knowledge - top-tier MA carrier in Michigan (NerdWallet/MoneyGeek list Humana among leading MI MA carriers, 2026).","MA-only relevance in MI (no commercial group presence since exiting employer group). Upper Peninsula Health Plan is the regionally-critical Medicaid plan for the UP, just below this cut."
MN,1,Blue Cross and Blue Shield of Minnesota (incl. Blue Plus),blue-cross-and-blue-shield-of-minnesota,,Aware Integrated / BCBS of Minnesota (nonprofit),commercial,commercial|medicare_advantage|managed_medicaid,47.3,"Large-group fully-insured market share by premium, MN Dept. of Health Chartbook Section 4 (2023 data; individual 24.8%, small group 36.4%). All-lines share not published as one number.",Largest overall: dominant large-group book plus Blue Plus Medicaid (expanding - added Ramsey/Scott PMAP Jan 2025 and picked up UCare exit counties) and MA (Blue Cross Medicare Advantage/SecureBlue MSHO).
MN,2,HealthPartners,healthpartners,,"HealthPartners (integrated nonprofit, incl. Park Nicollet)",commercial,commercial|medicare_advantage|managed_medicaid,22.2,"Large-group fully-insured share by premium, MN Dept. of Health Chartbook (2023; small group 30.5%, individual 26.0%).",Integrated payer-provider (~1.8M medical members incl. WI). Commercial-led; MA (HealthPartners Journey); PMAP participation closed to new enrollees Dec 2024. MN's nonprofit-HMO history means local plans dominate all rankings.
MN,3,Medica,medica,,Medica (nonprofit),commercial,commercial|medicare_advantage|managed_medicaid,22.6,"Large-group fully-insured share by premium, MN Dept. of Health Chartbook (2023; individual 20.3%).",~1.3M+ members across MN + surrounding states; absorbed 300k+ UCare individual/family members in the Dec 2025 UCare rehabilitation (verified). Commercial + MA + PMAP/MSHO.
MN,4,UCare,ucare,,UCare Minnesota (independent nonprofit),medicaid_mco,managed_medicaid|medicare_advantage,,"No verified all-lines % from searches; historically one of the largest PMAP/MSHO and MA plans in MN (individual-market share was 26-27% before the 2025-26 exit, MDH Chartbook 2023).",CAUTION - in court-ordered rehabilitation since Dec 2025; individual/family plans transferred to Medica; exited PMAP/MinnesotaCare in 11 counties Sept 2025. Still a major Medicaid (PMAP/MSHO/SNBC) and MA payer during rehabilitation; monitor contract status for credentialing.
MN,5,UnitedHealthcare,unitedhealthcare,,"UnitedHealth Group (HQ in Minnetonka, MN)",commercial,commercial|medicare_advantage,,"unverified: model knowledge - large self-funded ASO lives (incl. its own MN-based employer book) + MA; MN's nonprofit-HMO law kept it out of fully-insured/HMO markets until the 2017 law change, so state fully-insured share is small.","Hometown national carrier; presence is ASO + Medicare Advantage, not MN Medicaid or the individual market."
MN,6,Humana,humana,,Humana Inc.,medicare_advantage,medicare_advantage,,unverified: model knowledge - among the larger MA/PDP carriers in MN.,Medicare Advantage only in MN.
MN,7,PreferredOne (Fairview / now part of Medica orbit),preferredone,,Fairview Health Services (PreferredOne Insurance Co.); administrative alignment with Medica,commercial,commercial,11.6,"Small-group fully-insured share by premium, MN Dept. of Health Chartbook (2023; large group 1.7%, individual ~1%).","Shrunken but still-credentialed commercial/TPA network, Twin Cities focused."
MN,8,PrimeWest Health,primewest-health,,County-based purchasing joint powers (24 west-central MN counties),medicaid_mco,managed_medicaid,,"unverified: model knowledge - county-based purchasing plan, tens of thousands of MHCP enrollees; contract participation verified via MN DHS 2025 plan list.",Medicaid-only county plan (PMAP/MSHO/SNBC) - mandatory payer for rural west-central MN credentialing.
MN,9,South Country Health Alliance,south-country-health-alliance,,County-based purchasing joint powers (southern MN counties),medicaid_mco,managed_medicaid,,unverified: model knowledge - county-based purchasing plan; contract participation verified via MN DHS 2025 plan list.,Medicaid-only county plan for southern MN counties.
MN,10,Hennepin Health,hennepin-health,,Hennepin County / Hennepin Healthcare System,medicaid_mco,managed_medicaid,,unverified: model knowledge - county-owned safety-net MCO (~35k) serving Hennepin County PMAP/SNBC; contract participation verified via MN DHS 2025 plan list.,Minneapolis safety-net plan. IMCare (Itasca County) and Quartz (SW MN individual market) sit just below this cut; Sanford Health Plan serves border counties.
MO,1,Anthem Blue Cross and Blue Shield of Missouri (Elevance),anthem-blue-cross-and-blue-shield-of-missouri,Anthem Blue Cross and Blue Shield Missouri (Elevance Health),Elevance Health,commercial,commercial|medicare_advantage|managed_medicaid,,No verified all-lines % from searches; consistently the largest MO commercial carrier in AMA/Becker's largest-insurer-by-state analyses (2024). Blue licensee for Missouri EXCEPT the 32-county KC metro area.,MO NOTE: two Blue licensees - Anthem holds most of the state (incl. St. Louis); Blue KC holds greater Kansas City. Anthem also runs Healthy Blue (MO HealthNet MCO) and MA plans.
MO,2,UnitedHealthcare,unitedhealthcare,,UnitedHealth Group,commercial,commercial|medicare_advantage|managed_medicaid,,unverified: model knowledge - large ASO/fully-insured + MA books; only carrier covering every MO county on the 2026 ACA exchange (forhealthinsurance.com); one of the three MO HealthNet MCOs (verified mydss.mo.gov).,"Full-line presence: commercial, MA, managed Medicaid."
MO,3,Blue Cross and Blue Shield of Kansas City (Blue KC),blue-cross-and-blue-shield-of-kansas-city,,Blue Cross and Blue Shield of Kansas City (independent licensee),commercial,commercial|medicare_advantage,,unverified: model knowledge - ~1M members across its 32-county KC-metro service area (both MO and KS sides); dominant commercial carrier in that metro (AMA metro-level data pattern).,"The second MO Blue licensee - KC metro only. Exited ACA individual market 2018, re-entered 2022; lowering 2026 exchange rates across 30 western MO counties (forhealthinsurance.com)."
MO,4,Centene (Home State Health / Ambetter of Missouri / Wellcare),centene,,"Centene Corporation (HQ: St. Louis, MO)",medicaid_mco,managed_medicaid|commercial|medicare_advantage,37,"Centene share of the Missouri INDIVIDUAL/exchange market (ValuePenguin analysis, 2024 data) - individual market only, not all-lines.",Hometown carrier (St. Louis HQ). Home State Health is a MO HealthNet MCO and runs the statewide Show Me Healthy Kids foster-care plan; Ambetter leads much of the exchange; Wellcare for MA. Combined book plausibly rivals Blue KC - ranking judgment call.
MO,5,Cigna Healthcare,cigna-healthcare,,The Cigna Group,commercial,commercial|medicare_advantage,,unverified: model knowledge - major ASO presence (large STL/KC employers) + exchange participation in the STL metro (forhealthinsurance.com 2026 carrier list).,ASO-led; St. Louis is a significant Cigna market.
MO,6,Aetna (CVS Health),aetna,,CVS Health,commercial,commercial|medicare_advantage,,unverified: model knowledge - listed among MO's largest commercial insurers (Becker's 2024) - ASO + MA books.,Commercial ASO + Medicare Advantage; no MO Medicaid contract.
MO,7,Humana,humana,,Humana Inc.,medicare_advantage,medicare_advantage,,unverified: model knowledge - among the largest MA carriers statewide in CMS enrollment data.,MA-focused in MO (exited employer group segment nationally).
MO,8,Essence Healthcare (Lumeris),essence-healthcare,,Lumeris,medicare_advantage,medicare_advantage,,"55,000+ total members (company statement via PRNewswire, 2025-2026 plan announcements); St. Louis-founded 5/4.5-star MA plan.","Physician-founded (2003), Lumeris-powered; one of the leading MA plans in Greater St. Louis and Mid-Missouri; also operates in IL/AR/KY/IN. High-value regional MA credentialing target."
MO,9,Cox HealthPlans,cox-healthplans,,"CoxHealth (Springfield, MO)",commercial,commercial,,unverified: model knowledge - provider-owned regional carrier; one of only three exchange carriers serving Springfield/SW Missouri (forhealthinsurance.com 2026).,Southwest-Missouri regional; essential for Springfield-market credentialing.
MO,10,Oscar Health,oscar-health,,"Oscar Health, Inc.",commercial,commercial,,"unverified: model knowledge - ACA exchange carrier in the St. Louis metro (listed among the seven STL-metro 2026 exchange carriers, forhealthinsurance.com).",Exchange-only. Medica also entered the STL exchange and is of comparable size - ranks 9-10 are close calls among small exchange/regional carriers.
MS,1,Blue Cross & Blue Shield of Mississippi,blue-cross-and-blue-shield-of-mississippi,,Blue Cross & Blue Shield of Mississippi (independent licensee),commercial,commercial|medicare_advantage,,No verified single % from searches (one industry page claims >80% commercial share - unconfirmed); AMA Competition studies and MS DOI market-share reports consistently show BCBSMS as the dominant commercial carrier.,Dominant group/commercial payer statewide (also administers the state employee plan book historically); network participation is essential. Limited MA footprint.
MS,2,UnitedHealthcare,unitedhealthcare,,UnitedHealth Group,commercial,commercial|medicare_advantage,,"unverified: model knowledge - #2 commercial presence (ASO + fully insured) and a top MA carrier in MS; named among carriers driving the bulk of MS claim volume (industry billing sources, 2025).","LOST its MississippiCAN Medicaid contract effective July 1, 2025 (replaced by TrueCare) - Medicaid dropped from its MS lines; commercial + MA remain."
MS,3,Magnolia Health (Centene),magnolia-health,,Centene Corporation,medicaid_mco,managed_medicaid|medicare_advantage,,"No verified % from searches; incumbent MississippiCAN CCO re-awarded Aug 2024, roughly the largest CCO by enrollment (MS DOM contract records).",Centene's MS Medicaid/CHIP plan; MA via Wellcare brand. See separate Ambetter row for Centene's exchange lives.
MS,4,Ambetter of Magnolia (Centene),ambetter-of-magnolia,,Centene Corporation,commercial,commercial,62,"Centene share of the Mississippi INDIVIDUAL/exchange market (ValuePenguin/HealthCareInsider analysis of 2024 data) - individual market only, not all-lines.",Dominant ACA marketplace carrier in a state where the exchange is a large share of commercial lives (no Medicaid expansion). Same parent as Magnolia but distinct product/credentialing contract.
MS,5,Molina Healthcare of Mississippi,molina-healthcare-of-mississippi,,Molina Healthcare,medicaid_mco,managed_medicaid|commercial|medicare_advantage,,"No verified % from searches; incumbent MississippiCAN CCO re-awarded Aug 2024 (MS DOM, Mississippi Today).",Medicaid/CHIP CCO plus marketplace and MA/duals products.
MS,6,"TrueCare (Mississippi True, CareSource-supported)",truecare,,Mississippi True (provider-sponsored nonprofit; CareSource strategic partner),medicaid_mco,managed_medicaid,,"No verified % from searches; new CCO serving members from July 1, 2025, replacing UnitedHealthcare (MS DOM / metrocarephysicians provider notices, 2025).",Hospital/health-system-owned; expect roughly a third of MississippiCAN lives via auto-assignment. New network - active credentialing push through 2025-26.
MS,7,Humana,humana,,Humana Inc.,medicare_advantage,medicare_advantage,,unverified: model knowledge - leading MA carrier in MS; MS is among the least-competitive MA markets (AMA 2024) with Humana and UHC holding most MA lives.,MA-focused. (Humana Military's TRICARE East book listed separately.)
MS,8,Cigna Healthcare,cigna-healthcare,,The Cigna Group,commercial,commercial|medicare_advantage,,unverified: model knowledge - employer ASO book plus Medicare Advantage (legacy Bravo/HealthSpring footprint in the mid-South).,ASO-led with a meaningful MS MA presence.
MS,9,Aetna (CVS Health),aetna,,CVS Health,commercial,commercial|medicare_advantage,,"unverified: model knowledge - named among carriers driving the bulk of MS claim volume (industry billing sources, 2025); ASO + MA.",No MS Medicaid; commercial ASO + MA.
MS,10,TRICARE East (Humana Military),tricare-east,Humana Military (TRICARE East Region),Humana Inc.,tricare,tricare,,"unverified: model knowledge - TRICARE East regional contractor covering MS (large military population: Keesler AFB, Camp Shelby, NAS Meridian).","Distinct credentialing/network from Humana MA. Included because TRICARE lives are material in MS; it is a managed-care support contractor, not an underwriter."
MT,1,Blue Cross and Blue Shield of Montana (HCSC),blue-cross-and-blue-shield-of-montana,,Health Care Service Corporation,commercial,commercial|medicare_advantage,43.5,"HCSC statewide commercial market share, AMA Competition in Health Insurance data as cited in press coverage (2017 data — dated; still the state's clear #1 per AMA 2023-2024 editions which show HCSC leading Montana)",Dominant commercial carrier statewide (fully-insured + ASO); also sells Blue Cross Medicare Advantage. Credential via HCSC/Availity pathways.
MT,2,PacificSource Health Plans,pacificsource-health-plans,,"PacificSource (independent nonprofit, Springfield OR)",commercial,commercial|medicare_advantage,,"unverified: model knowledge — consistently among top MT carriers in individual/group markets per MT CSI and marketplace filings, no single share figure located",Major regional carrier in western/central MT; commercial group + individual plus PacificSource Medicare (MA).
MT,3,Mountain Health CO-OP,mountain-health-co-op,,Montana Health Cooperative (member-governed CO-OP),commercial,commercial,,"unverified: model knowledge — one of the last surviving ACA CO-OPs; a leading MT individual-marketplace carrier per healthcare.gov plan offerings, no share figure located",Individual + small-group marketplace focus; also operates in ID and WY. Significant individual-market membership relative to Montana's small population.
MT,4,Allegiance Benefit Plan Management (Cigna),allegiance-benefit-plan-management,,The Cigna Group,commercial,commercial,,unverified: model knowledge — Missoula-based TPA administering a large share of Montana self-funded employer plans (incl. the state employee plan historically); no published covered-lives figure located,Self-funded ASO administrator using Cigna networks; heavy Montana employer footprint. Credentialing typically flows through the Cigna network.
MT,5,UnitedHealthcare,unitedhealthcare,,UnitedHealth Group,commercial,commercial|medicare_advantage,,unverified: model knowledge — national carrier present in MT group/ASO and MA markets; no MT-specific share located,National employer accounts + MA (incl. AARP-branded plans).
MT,6,Humana,humana,,Humana Inc.,medicare_advantage,medicare_advantage,,unverified: model knowledge — among the larger MA carriers in MT counties per CMS landscape files; MA penetration in MT is low overall,MA/MA-PD focused; minimal commercial medical in MT.
MT,7,Aetna (CVS Health),aetna,,CVS Health,commercial,commercial|medicare_advantage,,unverified: model knowledge — national employer ASO accounts + MA presence; no MT-specific figure located,Mostly national-account ASO lives plus MA.
MT,8,Cigna Healthcare,cigna-healthcare,,The Cigna Group,commercial,commercial,,unverified: model knowledge — national-account ASO lives beyond the Allegiance book; no MT-specific figure located,Listed separately from Allegiance (rank 4) because direct Cigna national accounts credential/contract through Cigna proper.
MT,9,EBMS (Employee Benefit Management Services),ebms,,"EBMS (independent TPA, Billings MT)",commercial,commercial,,unverified: model knowledge — long-standing Billings-based TPA for self-funded MT employers; no covered-lives figure located,Self-funded ASO only; typically rents networks — providers usually contract via the rented network rather than EBMS directly.
MT,10,TRICARE West (TriWest),tricare-west,TriWest Healthcare Alliance (TRICARE West Region),TriWest Healthcare Alliance,tricare,tricare,,"unverified: model knowledge — TriWest took over the TRICARE West Region (includes MT) effective Jan 1, 2025 per DHA announcements","Military beneficiaries (Malmstrom AFB, Guard/Reserve, retirees). Replaced Health Net Federal Services as West Region contractor in 2025."
NC,1,Blue Cross and Blue Shield of North Carolina,blue-cross-and-blue-shield-of-north-carolina,,Blue Cross and Blue Shield of North Carolina (independent licensee),commercial,commercial|medicare_advantage|managed_medicaid,,"Reported at ~83% of NC individual market and ~80% of group market (The Assembly NC reporting from NC DOI-derived data, 2023-24); total membership ~4.3M+ (company reports). No single all-lines percentage published","Overwhelming NC market leader across individual, group, and MA. Lost the ~750k-member State Health Plan TPA role to Aetna 1/1/2025 but was voted back in as SHP TPA starting 2028 (SHP board vote, July 10, 2026)."
NC,2,UnitedHealthcare,unitedhealthcare,UnitedHealthcare of North Carolina (UnitedHealth Group),UnitedHealth Group,commercial,commercial|medicare_advantage|managed_medicaid,,unverified: model knowledge — #2 commercial carrier plus large MA book and a Standard Plan Medicaid contract (~400k+ Medicaid lives commonly reported); exact totals not verified,Holds one of the five NC Medicaid Standard Plan contracts (verified via NC DHHS).
NC,3,Aetna (CVS Health),aetna,,CVS Health,commercial,commercial|medicare_advantage,,"NC State Health Plan TPA covering 750,000+ state employees/retirees since Jan 1, 2025 (verified: NC Newsline/WRAL, 2025-2026) plus its own commercial and MA books","SHP administration returns to Blue Cross NC in 2028 (board vote July 10, 2026) — expect network/credentialing churn around that transition. Aetna also bid for but did not win NC Medicaid standard plans."
NC,4,Cigna Healthcare,cigna-healthcare,,The Cigna Group,commercial,commercial,,unverified: model knowledge — significant employer ASO book in Charlotte/Triangle metros; no NC-specific figure verified,Commercial ASO only; no NC Medicaid or meaningful MA presence.
NC,5,WellCare of North Carolina (Centene),wellcare-of-north-carolina,,Centene Corporation,medicaid_mco,managed_medicaid|medicare_advantage,,"unverified for enrollment count; Standard Plan status and the April 2026 absorption of Carolina Complete Health are verified (NC Medicaid / BenefitsUSA plan-year guidance, 2026)","Post-merger (CCH members transitioned in) WellCare likely becomes the largest single NC Medicaid Standard Plan — combined Centene Medicaid book in NC ~650k range (model estimate, unverified)."
NC,6,Healthy Blue (Blue Cross NC + Amerigroup/Elevance partnership),healthy-blue,,Blue Cross NC in partnership with Elevance Health (Amerigroup),medicaid_mco,managed_medicaid,,unverified: model knowledge — historically the largest or second-largest Standard Plan (~450-500k); Standard Plan contract status verified (NC DHHS),Separate network/credentialing from Blue Cross NC commercial — providers must contract with Healthy Blue distinctly.
NC,7,AmeriHealth Caritas North Carolina,amerihealth-caritas-north-carolina,,AmeriHealth Caritas (Independence Blue Cross / Blue Cross Blue Shield of Michigan JV),medicaid_mco,managed_medicaid,,"unverified: model knowledge for enrollment (~350-400k commonly reported); Standard Plan contract verified (NC DHHS, 2026 plan year)",Medicaid-only carrier in NC; one of the five Standard Plans continuing into 2026.
NC,8,Humana,humana,,Humana Inc.,medicare_advantage,medicare_advantage|tricare,,"unverified: model knowledge — among the top MA carriers in NC (~250-300k MA lives per KFF-type state MA data, not directly verified in this session); Humana Military administers TRICARE East covering NC's large military population (Fort Liberty, Camp Lejeune)",MA plus TRICARE East managed-care support contract; no NC commercial group or Medicaid.
NC,9,MedCost (Atrium Health/Advocate Health + Wake Forest owned TPA/network),medcost,,Advocate Health (Atrium Health / Wake Forest University Baptist),commercial,commercial,,unverified: model knowledge — regional self-funded TPA + proprietary PPO network serving several hundred thousand NC/SC/VA lives; no verified figure,LOW CONFIDENCE rank. Included because its proprietary network makes it a distinct credentialing target for NC groups; verify current covered lives.
NC,10,Trillium Health Resources (Tailored Plan),trillium-health-resources,,Trillium Health Resources (public managed-care entity),medicaid_mco,managed_medicaid,,"unverified: model knowledge — Tailored Plans launched July 2024 cover whole-person (physical + BH/I-DD) care; Trillium has the largest county footprint (~46 counties post-consolidation with Eastpointe/Sandhills); enrollment ~100-150k range, unverified","LOW CONFIDENCE rank; peers Alliance Health, Partners Health Management, and Vaya Health are similar-scale Tailored Plans. Included so the Tailored Plan credentialing lane is represented."
ND,1,Blue Cross Blue Shield of North Dakota (Noridian Mutual Insurance Company),blue-cross-blue-shield-of-north-dakota,,Noridian Mutual Insurance Company (independent BCBS licensee),commercial,commercial|medicare_advantage|managed_medicaid,,"Dominant by every historical measure: 450,000+ members / roughly half the state's population (Wikipedia/company figures); ~71% of the individual market (2017 data via Becker's/KFF); 2024-2026 all-lines share not published — treat magnitude as verified, precision as not","Holds the ND Medicaid Expansion MCO contract (since 2022) and dominates commercial group/individual, incl. the NDPERS state-employee book historically. Same corporate family as MAC contractor Noridian Healthcare Solutions (separate subsidiary)."
ND,2,Sanford Health Plan,sanford-health-plan,,Sanford Health,commercial,commercial|medicare_advantage,,"unverified: model knowledge — #2 in-state carrier; ~200k members across SD/ND/MN with a substantial ND book (Fargo/Bismarck); served ~26,000 ND Medicaid Expansion members before losing that contract to BCBSND effective 2022 (verified via ND DHS award coverage)","Integrated system payer (Sanford hospitals in Fargo/Bismarck). Lost expansion Medicaid 2022; retains commercial group, individual, and MA."
ND,3,Medica,medica,,Medica (MN non-profit),commercial,commercial|medicare_advantage,,unverified: model knowledge — long-standing ND individual/group carrier and MA participant statewide,One of the few non-Blue individual-market options in ND for years.
ND,4,UnitedHealthcare,unitedhealthcare,,UnitedHealth Group,commercial,commercial|medicare_advantage,,unverified: model knowledge — national-account ASO lives plus statewide MA/PPO products,No ND Medicaid presence (single-MCO state).
ND,5,Humana,humana,,Humana Inc.,medicare_advantage,medicare_advantage,,unverified: model knowledge — MA/D-SNP only in ND,MA-only footprint.
ND,6,Aetna (CVS Health),aetna,,CVS Health,commercial,commercial|medicare_advantage,,unverified: model knowledge — ASO/FEHB and MA lives; small absolute book in ND,Ranks 5-8 in ND are within noise of each other — low confidence ordering.
ND,7,Cigna Healthcare,cigna-healthcare,,The Cigna Group,commercial,commercial,,unverified: model knowledge — small ASO book only,Commercial ASO only.
ND,8,HealthPartners,healthpartners,,HealthPartners (MN non-profit),commercial,commercial|medicare_advantage,,unverified: model knowledge — border-market presence in the Fargo-Moorhead / Grand Forks corridors via MN-anchored employer plans,Relevant mainly for eastern-ND providers seeing MN-plan patients.
ND,9,TRICARE West (TriWest),tricare-west,TriWest Healthcare Alliance (TRICARE West Region),TriWest Healthcare Alliance,tricare,tricare,,"unverified: model knowledge — ND moved into the TriWest-administered TRICARE West Region Jan 1, 2025; Minot AFB and Grand Forks AFB populations",payer_kind forced to 'commercial' by schema; actual line is TRICARE. Meaningful for Minot/Grand Forks-area credentialing.
ND,10,NextBlue of North Dakota (BCBSND),nextblue-of-north-dakota,,Blue Cross Blue Shield of North Dakota / HealthyDakota Mutual Holdings,medicare_advantage,medicare_advantage,,unverified: model knowledge — BCBSND's Medicare Advantage entity (launched for plan year 2022),Separate MA legal entity from BCBSND's core mutual — may require separate contracting. ND is a thin market: ranks 3-10 are all far below the BCBSND/Sanford duopoly.
NE,1,Blue Cross and Blue Shield of Nebraska,blue-cross-and-blue-shield-of-nebraska,,Blue Cross and Blue Shield of Nebraska (independent licensee),commercial,commercial|medicare_advantage,,"AMA Competition in Health Insurance (2023/2024 editions) shows BCBSNE as Nebraska's largest commercial insurer; exact share not retrievable in this session — treat as leading share, source AMA 2024",Dominant commercial carrier (fully-insured + ASO); only PPO issuer on the NE marketplace (verified 2026 marketplace coverage). Also offers MA.
NE,2,UnitedHealthcare,unitedhealthcare,UnitedHealthcare (incl. UnitedHealthcare Community Plan of Nebraska),UnitedHealth Group,commercial,commercial|medicare_advantage|managed_medicaid,,"unverified: model knowledge — #2 diversified carrier combining group/ASO, a leading NE MA book (AMA flags NE among least-competitive MA markets), and one of three Heritage Health MCO contracts (MCO contract verified, NE DHHS 2025)",Commercial + MA + Heritage Health Medicaid MCO. Heritage Health credentialing runs through the state centralized CVO since 2025.
NE,3,Medica,medica,,"Medica (nonprofit, Minneapolis)",commercial,commercial,,unverified: model knowledge — major NE individual-marketplace and group carrier (marketplace participation verified via 2026 plan listings); no share figure located,Strong individual/small-group presence across Nebraska including rural counties.
NE,4,Nebraska Total Care (Centene),nebraska-total-care,,Centene Corporation,medicaid_mco,managed_medicaid,,"Heritage Health MCO contract verified (NE DHHS, 2025); roughly one-third of ~330k Heritage Health lives — plan-level split not published in sources reviewed",Heritage Health MCO. Sister Centene marketplace product is Ambetter Health of Nebraska (rank 9).
NE,5,Molina Healthcare of Nebraska,molina-healthcare-of-nebraska,,Molina Healthcare,medicaid_mco,managed_medicaid,,"Heritage Health MCO contract verified (NE DHHS, 2025); Molina entered Jan 2024 absorbing much of the exiting Healthy Blue membership — plan-level split not published in sources reviewed","Newest of the three Heritage Health MCOs (contract start Jan 1, 2024)."
NE,6,Aetna (CVS Health),aetna,,CVS Health,commercial,commercial|medicare_advantage,,unverified: model knowledge — national-account ASO plus MA presence in Omaha/Lincoln metros; no NE-specific figure located,Employer ASO + MA.
NE,7,Humana,humana,,Humana Inc.,medicare_advantage,medicare_advantage,,unverified: model knowledge — among NE's larger MA carriers per CMS landscape files; no share located,MA-focused; no meaningful NE commercial medical book.
NE,8,Cigna Healthcare,cigna-healthcare,,The Cigna Group,commercial,commercial,,unverified: model knowledge — national-account ASO lives in Omaha-area employers; no NE-specific figure located,Primarily self-funded ASO.
NE,9,Ambetter Health of Nebraska (Centene),ambetter-health-of-nebraska,,Centene Corporation,commercial,commercial,,Marketplace participation verified (2026 NE marketplace carrier listings); enrollment share not located,ACA marketplace product; network overlaps Nebraska Total Care — separate line of business for contracting.
NE,10,Oscar Health,oscar-health,,"Oscar Health, Inc.",commercial,commercial,,"Marketplace participation verified (2026 NE marketplace carrier listings, moneygeek/CMS); enrollment share not located","Individual ACA marketplace only, metro-focused."
NH,1,Anthem Blue Cross and Blue Shield of New Hampshire (Elevance),anthem-blue-cross-and-blue-shield-of-new-hampshire,Anthem Blue Cross and Blue Shield NH (Elevance),Elevance Health,commercial,commercial|medicare_advantage,,AMA Competition in Health Insurance 2024: Anthem holds the top market share in New Hampshire (one of three states where Anthem leads); exact percentage not retrievable in this session,The state's BCBS licensee and dominant commercial carrier (fully-insured + ASO) plus MA.
NH,2,Harvard Pilgrim Health Care (Point32Health),harvard-pilgrim-health-care,,Point32Health,commercial,commercial,,unverified: model knowledge — long-standing #2 NH commercial carrier (group + individual marketplace); no NH-specific share located,Point32Health = Harvard Pilgrim + Tufts Health Plan merger; NH business runs under the Harvard Pilgrim brand.
NH,3,Cigna Healthcare,cigna-healthcare,,The Cigna Group,commercial,commercial,,"unverified: model knowledge — historically strong NH large-group/ASO presence (legacy Healthsource, founded in NH); no share located",Large-group and self-funded ASO.
NH,4,WellSense Health Plan of New Hampshire,wellsense-health-plan-of-new-hampshire,,Boston Medical Center Health System,medicaid_mco,managed_medicaid,,"MCM contract verified (NH DHHS, 2024-2025); WellSense has historically held the largest MCM enrollment share — plan-level split not published in sources reviewed",Largest NH Medicaid MCO; rebranded from Well Sense to WellSense in 2021.
NH,5,New Hampshire Healthy Families (Centene),new-hampshire-healthy-families,,Centene Corporation,medicaid_mco,managed_medicaid|commercial,,"MCM contract verified (NH DHHS, 2024-2025); plan-level enrollment split not published in sources reviewed",Centene's NH Medicaid brand; sister Ambetter product sells on the NH marketplace.
NH,6,AmeriHealth Caritas New Hampshire,amerihealth-caritas-new-hampshire,,AmeriHealth Caritas (Independence Health Group / Blue Cross of Idaho JV lineage),medicaid_mco,managed_medicaid,,"MCM contract verified (NH DHHS, 2024-2025); smallest of the three MCOs per historical NH enrollment dashboards — figure not re-verified this session",Medicaid-only in NH (joined MCM in 2019).
NH,7,UnitedHealthcare,unitedhealthcare,,UnitedHealth Group,commercial,commercial|medicare_advantage,,unverified: model knowledge — national-account ASO + MA (incl. AARP brand); no NH-specific figure located,Commercial ASO + MA.
NH,8,Aetna (CVS Health),aetna,,CVS Health,commercial,commercial|medicare_advantage,,unverified: model knowledge — national-account ASO + MA; no NH-specific figure located,Employer ASO + MA.
NH,9,Humana,humana,,Humana Inc.,medicare_advantage,medicare_advantage,,unverified: model knowledge — MA carrier in NH counties per CMS landscape files; no share located,MA only in NH.
NH,10,Martin's Point Generations Advantage,martin-s-point-generations-advantage,,"Martin's Point Health Care (nonprofit, Portland ME)",medicare_advantage,medicare_advantage|tricare,,unverified: model knowledge — leading regional MA plan across ME and NH; also administers US Family Health Plan (TRICARE Prime designated provider); no NH-specific share located,Significant MA membership in NH's eastern/southern counties.
NJ,1,Horizon Blue Cross Blue Shield of New Jersey,horizon-blue-cross-blue-shield-of-new-jersey,,Horizon Mutual Holdings,commercial,commercial|managed_medicaid|medicare_advantage,68.3,"Horizon's share of the NJ INDIVIDUAL market, AMA Competition in Health Insurance data as reported by Becker's (2023/2024); its all-lines share is lower but Horizon is unambiguously NJ's #1 across commercial + Medicaid combined","Dominant commercial carrier + largest NJ FamilyCare MCO (Horizon NJ Health, roughly half of MCO enrollment historically). State-employee (SHBP/SEHBP) volume also flows through Horizon."
NJ,2,UnitedHealthcare,unitedhealthcare,UnitedHealthcare (incl. Oxford Health Plans and UHC Community Plan),UnitedHealth Group,commercial,commercial|medicare_advantage|managed_medicaid,,"unverified: model knowledge — #2 NJ commercial carrier (Oxford brand strong in North Jersey/NYC metro) + NJ FamilyCare MCO (contract verified, NJ DHS 2025) + large MA book",Oxford is a UHC brand/legal entity — contracts may sit under Oxford entities in North Jersey.
NJ,3,Aetna (CVS Health),aetna,Aetna (CVS Health) incl. Aetna Better Health of New Jersey,CVS Health,commercial,commercial|medicare_advantage|managed_medicaid,,"unverified: model knowledge for commercial rank; NJ FamilyCare MCO contract verified (NJ DHS, 2025)",Large employer ASO + one of NJ's biggest MA carriers + Medicaid MCO.
NJ,4,Fidelis Care New Jersey (Centene),fidelis-care-new-jersey,,Centene Corporation,medicaid_mco,managed_medicaid|medicare_advantage|commercial,,"NJ FamilyCare MCO contract verified (NJ DHS, 2025); formerly WellCare of NJ — rebranded to Fidelis Care; plan-level enrollment split not re-verified this session",Centene's NJ Medicaid brand; sister products: Wellcare MA and Ambetter marketplace.
NJ,5,Wellpoint New Jersey (Elevance),wellpoint-new-jersey,,Elevance Health,medicaid_mco,managed_medicaid,,"NJ FamilyCare MCO contract verified (NJ DHS, 2025); renamed from Amerigroup New Jersey effective Jan 1, 2024",Elevance's NJ Medicaid plan (Elevance is NOT the NJ BCBS licensee — Horizon is).
NJ,6,Cigna Healthcare,cigna-healthcare,,The Cigna Group,commercial,commercial,,unverified: model knowledge — substantial NJ large-group/self-funded ASO book; no NJ-specific figure located,Primarily ASO; exited NJ individual market years ago.
NJ,7,AmeriHealth New Jersey,amerihealth-new-jersey,,Independence Health Group (AmeriHealth Holdings),commercial,commercial,,"unverified: model knowledge — one of the few NJ-domiciled commercial carriers, active in individual + small group statewide; no share located","Distinct from AmeriHealth Caritas (Medicaid sister company, not an NJ FamilyCare MCO)."
NJ,8,Clover Health,clover-health,,Clover Health Investments,medicare_advantage,medicare_advantage,,unverified: model knowledge — NJ-founded MA insurer with one of the larger PPO MA books in the state (~100k range NJ members historically); not re-verified this session,MA-only; wide-network PPO model.
NJ,9,Braven Health,braven-health,,JV: Horizon BCBSNJ + Hackensack Meridian Health + RWJBarnabas Health,medicare_advantage,medicare_advantage,,unverified: model knowledge — fast-growing NJ-only MA plan launched 2021; among the state's larger MA carriers; no share located,Credentialing/contracting typically leverages the Horizon network but Braven is a distinct payer entity.
NJ,10,Oscar Health,oscar-health,,"Oscar Health, Inc.",commercial,commercial,,unverified: model knowledge — active NJ individual-marketplace carrier with meaningful ACA enrollment; no share located,Individual ACA marketplace only. Considered vs. Humana for rank 10 — Humana's NJ MA footprint is comparatively small.
NM,1,Presbyterian Health Plan (NM),presbyterian-health-plan,,Presbyterian Healthcare Services,medicaid_mco,commercial|medicare_advantage|managed_medicaid,,"unverified: model knowledge — widely described as NM's largest health plan (~600k total members historically); Medicaid (Turquoise Care) is its largest single line, hence payer_kind, but it is a fully diversified integrated plan","Integrated delivery system payer (Presbyterian Healthcare Services hospitals + plan). Covers commercial group, NM state employee options, FEHB, MA, and Turquoise Care Medicaid. Rank 1 vs BCBSNM is close — flag low confidence on 1-2 ordering."
NM,2,Blue Cross and Blue Shield of New Mexico (HCSC),blue-cross-and-blue-shield-of-new-mexico,,Health Care Service Corporation,commercial,commercial|medicare_advantage|managed_medicaid,48,AMA 'Competition in Health Insurance' 2024 update (2023 data): NM's largest commercial insurer holds 48% of the combined PPO+HMO+POS+EXCH market; attribution of that top slot to BCBSNM/HCSC is moderate-confidence (AMA state table identity not directly readable in search results),One of the two incumbent Turquoise Care MCOs (members auto-re-enrolled at 2024 transition). Statewide PPO network; HCSC hosts credentialing centrally for its five Blue plans.
NM,3,UnitedHealthcare,unitedhealthcare,UnitedHealthcare of New Mexico (UnitedHealth Group),UnitedHealth Group,medicaid_mco,commercial|medicare_advantage|managed_medicaid,,unverified: model knowledge — entered NM Medicaid via Turquoise Care 7/1/2024 (verified fact); relative sizing of its NM Medicaid vs commercial vs MA books not verified; payer_kind low confidence,New Turquoise Care entrant 7/1/2024 plus established MA and national-account commercial/ASO business. Credential once via UHC's national process for all lines.
NM,4,Molina Healthcare of New Mexico,molina-healthcare-of-new-mexico,,Molina Healthcare,medicaid_mco,managed_medicaid|medicare_advantage|commercial,,unverified: model knowledge for size; Turquoise Care MCO status verified via NM HCA (2024),Re-entered NM Medicaid as a new Turquoise Care MCO 7/1/2024 (Molina previously operated in Centennial Care era pre-2019); also sells marketplace and MA/D-SNP products.
NM,5,Cigna Healthcare,cigna-healthcare,,The Cigna Group,commercial,commercial,,unverified: model knowledge — presence is via national self-funded ASO accounts; no NM-specific covered-lives figure verified,Employer ASO book only in NM (no Medicaid; exited MA broadly for 2026 via HCSC sale of Medicare business — MA members transitioning to HCSC).
NM,6,Aetna (CVS Health),aetna,,CVS Health,commercial,commercial|medicare_advantage,,unverified: model knowledge,National-account commercial/ASO plus Medicare Advantage in Albuquerque metro and statewide PPO MA.
NM,7,Humana,humana,,Humana Inc.,medicare_advantage,medicare_advantage,,unverified: model knowledge — Humana NM book is essentially all Medicare Advantage/D-SNP,MA-focused in NM; minimal commercial presence after Humana's national exit from employer group medical (completed 2024).
NM,8,Devoted Health,devoted-health,Devoted Health (NM),Devoted Health,medicare_advantage,medicare_advantage,,unverified: model knowledge — fast-growing MA entrant in NM metro markets; enrollment figure not verified,MA-only startup carrier with meaningful Albuquerque-area growth since ~2022. Low confidence on rank 8 vs other MA carriers.
NM,9,TRICARE West (TriWest),tricare-west,TriWest Healthcare Alliance (TRICARE West Region),TriWest Healthcare Alliance,tricare,tricare,,"unverified: model knowledge — NM sits in the TRICARE West Region, administered by TriWest since Jan 1, 2025 (took over from Health Net Federal Services); military lives (Kirtland, Holloman, Cannon AFBs, White Sands) not separately quantified",payer_kind forced to 'commercial' by schema; actual line is TRICARE managed care support. Separate credentialing/certification path from commercial carriers.
NM,10,Ambetter from Western Sky Community Care (Centene),ambetter-from-western-sky-community-care,,Centene Corporation,commercial,commercial,,unverified: model knowledge — Western Sky's Medicaid exit 7/1/2024 is verified (NM HCA); whether its Ambetter marketplace book remains active in 2026 was NOT verified,Residual Centene presence after losing the Turquoise Care award. LOW CONFIDENCE row — verify current marketplace participation before relying on it; True Health New Mexico (exited 12/31/2022) and Friday Health are defunct and excluded.
NV,1,Health Plan of Nevada / Sierra Health and Life (UnitedHealthcare),health-plan-of-nevada-sierra-health-and-life,,UnitedHealth Group,commercial,commercial|medicare_advantage|managed_medicaid,61,"UnitedHealth share of Nevada commercial market, AMA Competition in Health Insurance 2024 edition (as reported in AMA/trade press coverage)","By far Nevada's largest payer across all lines: dominant commercial HMO/PPO (via 2008 Sierra Health Services acquisition), the largest Medicaid MCO (HPN), and leading MA (Senior Dimensions). Multiple legal entities — confirm which entity a contract sits under."
NV,2,Anthem Blue Cross and Blue Shield of Nevada (Elevance),anthem-blue-cross-and-blue-shield-of-nevada,Anthem Blue Cross and Blue Shield Nevada (Elevance),Elevance Health,commercial,commercial|medicare_advantage|managed_medicaid,,"unverified: model knowledge for commercial rank; Medicaid MCO contract (as Community Care Health Plan of Nevada) verified via 2026 award coverage (Healthcare Dive, 2025)",The state's BCBS licensee. Medicaid line operates as Community Care Health Plan of Nevada d/b/a Anthem BCBS Nevada; re-awarded for Clark + Washoe under the 2026 contracts.
NV,3,Molina Healthcare of Nevada,molina-healthcare-of-nevada,,Molina Healthcare,medicaid_mco,managed_medicaid|medicare_advantage,,"Medicaid MCO contract re-award for Clark + Washoe effective 1/1/2026 verified (Healthcare Dive/NV Medicaid, 2025); plan-level enrollment split not published in sources reviewed",One of the larger Nevada Medicaid MCOs; also markets D-SNP MA.
NV,4,SilverSummit Healthplan (Centene),silversummit-healthplan,,Centene Corporation,medicaid_mco,managed_medicaid|commercial,,"Medicaid MCO contract verified — highest-scored bidder, awarded Clark, Washoe AND rural counties for 1/1/2026 (Healthcare Dive/NV Medicaid, 2025)",Centene's Nevada Medicaid brand; sister Ambetter product is a major Nevada marketplace carrier.
NV,5,Aetna (CVS Health),aetna,,CVS Health,commercial,commercial|medicare_advantage,,unverified: model knowledge — national employer ASO + MA in Las Vegas metro; no NV-specific figure located,Commercial ASO + MA; not a Nevada Medicaid MCO.
NV,6,Humana,humana,,Humana Inc.,medicare_advantage,medicare_advantage,,unverified: model knowledge — top-tier MA carrier in Clark County per CMS landscape files; no share located,MA-focused in NV.
NV,7,Prominence Health Plan (UHS),prominence-health-plan,,Universal Health Services,commercial,commercial|medicare_advantage,,unverified: model knowledge — Reno-founded regional carrier with commercial + MA in northern and southern NV; no share located,Provider-owned (UHS: Valley Health System hospitals in Las Vegas).
NV,8,Cigna Healthcare,cigna-healthcare,,The Cigna Group,commercial,commercial,,unverified: model knowledge — national-account ASO lives; no NV-specific figure located,Primarily self-funded ASO.
NV,9,Hometown Health (Renown Health),hometown-health,,Renown Health,commercial,commercial|medicare_advantage,,"unverified: model knowledge — northern Nevada's largest not-for-profit regional insurer (Reno/Sparks), commercial + Senior Care Plus MA; no share located",Provider-owned; dominant regional in Washoe/northern NV employer market.
NV,10,CareSource Nevada,caresource-nevada,,"CareSource (nonprofit, Dayton OH)",medicaid_mco,managed_medicaid,,"New Medicaid MCO contract effective 1/1/2026 verified — awarded Clark, Washoe and rural counties; state redistributing a percentage of membership to CareSource at go-live (NV Medicaid web announcement 3753, Oct 2025)",New entrant — expect heavy initial credentialing/contracting volume ahead of and after the Jan 2026 go-live.
NY,1,UnitedHealthcare,unitedhealthcare,UnitedHealthcare / Oxford (UnitedHealth Group),UnitedHealth Group,commercial,commercial|medicare_advantage|managed_medicaid,34.6,"Share of NY private (commercial) enrollment — 4.6M covered lives — Mark Farrah Associates county-level brief, data as of Dec 31, 2022",Oxford is the dominant downstate small/mid-group brand; separate Oxford vs UHC network participation matters for credentialing/contracting.
NY,2,Anthem Blue Cross and Blue Shield of New York (Elevance),anthem-blue-cross-and-blue-shield-of-new-york,"Anthem Blue Cross and Blue Shield of New York (Elevance; ex-Empire, downstate licensee)",Elevance Health,commercial,commercial|medicare_advantage|managed_medicaid,22.9,"Elevance share of NY private (commercial) enrollment — ~3.1M lives — Mark Farrah Associates, Dec 31, 2022 (excludes its Medicaid book)",Downstate BCBS licensee (rebranded Empire → Anthem BCBS in 2024). Medicaid runs under Anthem HealthPlus. NYC public-employee (GHI/Empire) arrangements make Blue participation critical downstate.
NY,3,Fidelis Care (Centene),fidelis-care,,Centene Corporation,medicaid_mco,managed_medicaid|medicare_advantage|commercial,,"Company-reported: 'more than 2.4 million members in New York State' (Fidelis Care / Centene press materials, 2024-2025)","Largest NY Medicaid/Essential Plan/CHP carrier, statewide footprint. Bought by Centene from the NY Catholic dioceses in 2018."
NY,4,Healthfirst (NY),healthfirst,,Healthfirst (hospital-sponsored non-profit; HF Management Services),medicaid_mco,managed_medicaid|medicare_advantage|commercial,,unverified: model knowledge — commonly cited at ~1.8-2M members concentrated in NYC/Long Island (company materials say 'nearly 2 million'); exact 2025 figure not verified in searches,"NYC-hospital-system-sponsored plan; Medicaid, Essential Plan, D-SNP heavy. Downstate-only network."
NY,5,EmblemHealth (GHI / HIP),emblemhealth,,"EmblemHealth, Inc.",commercial,commercial|medicare_advantage|managed_medicaid,,"unverified: model knowledge — Emblem group reports ~3M members including ConnectiCare (CT, since divested); NY book estimated ~2M, dominated by NYC public-employee GHI CBP",GHI and HIP are separate underwriting entities/networks under Emblem — providers often must enroll in each separately. Huge NYC municipal-worker book.
NY,6,Excellus BlueCross BlueShield (upstate NY),excellus-bluecross-blueshield,,Excellus BCBS (Lifetime Healthcare Companies),commercial,commercial|medicare_advantage|managed_medicaid,8.3,"Lifetime Healthcare share of NY private enrollment — ~1.1M lives — Mark Farrah Associates, Dec 31, 2022; company reports ~1.5M total members across all lines","Dominant Blue across Rochester, Syracuse, Central NY, Southern Tier, Utica. Sister brand Univera serves Buffalo area under the Lifetime umbrella."
NY,7,Cigna Healthcare,cigna-healthcare,,The Cigna Group,commercial,commercial,11.4,"Cigna share of NY private (commercial) enrollment — ~1.5M lives, largely self-funded ASO — Mark Farrah Associates, Dec 31, 2022",Almost entirely national-account ASO in NY (ranked 7 on all-lines basis because it has no Medicaid and negligible government book despite a big commercial share).
NY,8,Aetna (CVS Health),aetna,,CVS Health,commercial,commercial|medicare_advantage,10.2,"CVS/Aetna share of NY private enrollment — ~1.3M lives — Mark Farrah Associates, Dec 31, 2022",Commercial/ASO plus substantial MA book; no current mainstream NY Medicaid MCO contract.
NY,9,MetroPlusHealth (NYC Health + Hospitals),metroplushealth,,NYC Health + Hospitals,medicaid_mco,managed_medicaid|medicare_advantage|commercial,,"unverified: model knowledge — ~700k members (Medicaid, Essential Plan, CHP, GoldCare NYC-employee product); 2025 figure not verified","NYC-only, public-hospital-system plan; heavy Medicaid/Essential Plan. Network anchored on H+H facilities but contracts community providers."
NY,10,Highmark Blue Cross Blue Shield of Western New York,highmark-blue-cross-blue-shield-of-western-new-york,,Highmark Health,commercial,commercial|medicare_advantage|managed_medicaid,,"unverified: model knowledge — ~600k members in the Buffalo 8-county region (legacy HealthNow); ranks in a near-tie with MVP Health Care (~700k NY+VT), CDPHP (~350-400k) and Independent Health (~375k), which just miss this top-10",Western NY Blue licensee (Highmark affiliation 2021). Included per the multi-licensee Blue note; MVP/CDPHP/Independent Health are comparable-size regionals to keep on any NY credentialing list.
OH,1,Anthem Blue Cross and Blue Shield of Ohio (Elevance),anthem-blue-cross-and-blue-shield-of-ohio,,Elevance Health,commercial,commercial|medicare_advantage|managed_medicaid,,unverified: model knowledge — consistently OH's largest commercial carrier in AMA studies; also a Next Gen Medicaid MCO (verified) and major MA carrier; no single all-lines figure verified,Ohio's Blue licensee. Commercial ASO + fully insured leader statewide.
OH,2,CareSource Ohio,caresource-ohio,CareSource (OH),CareSource Management Group (Dayton-based non-profit),medicaid_mco,managed_medicaid|commercial|medicare_advantage,,"unverified: model knowledge — historically the largest Ohio Medicaid MCO (~1.1M+ Ohio Medicaid members, over half the managed-care population pre-NextGen); Next Gen MCO status verified (ODM)","Also selected for Next Generation MyCare (2026, verified). Marketplace and D-SNP books growing; Medicaid remains the dominant line."
OH,3,UnitedHealthcare,unitedhealthcare,UnitedHealthcare of Ohio (UnitedHealth Group),UnitedHealth Group,commercial,commercial|medicare_advantage|managed_medicaid,,unverified: model knowledge — top-3 across commercial + MA + a Next Gen Medicaid contract (contract verified via ODM),All-lines presence; single national credentialing pipeline.
OH,4,Medical Mutual of Ohio,medical-mutual-of-ohio,,Medical Mutual of Ohio (mutual; Ohio-based),commercial,commercial|medicare_advantage,,"Company-reported: ~1.2-1.5M members in Ohio incl. ~160k Medicare (MedMutual/eHealth company materials, 2024-2025) — figures vary by source, so pct left null",Largest Ohio-headquartered carrier; strong in NE Ohio employer market; 99% of Ohio hospitals in its SuperMed network. No Medicaid.
OH,5,Aetna (CVS Health),aetna,,CVS Health,commercial,commercial|medicare_advantage|managed_medicaid,,"unverified: model knowledge — commercial/ASO + MA, plus the statewide OhioRISE behavioral plan and legacy MyCare duals (Aetna Better Health of Ohio)",OhioRISE (verified via ODM) is a specialized youth behavioral plan — separate credentialing track from Aetna commercial.
OH,6,Buckeye Health Plan (Centene),buckeye-health-plan,,Centene Corporation,medicaid_mco,managed_medicaid|medicare_advantage|commercial,,unverified: model knowledge — second-tier Next Gen MCO (~400-500k range historically); Next Gen contract verified (ODM); selected for Next Gen MyCare 2026 (moderate confidence),Centene's Ohio flagship; credential once with Buckeye for Medicaid/Ambetter/Wellcare lines in most cases.
OH,7,Molina Healthcare of Ohio,molina-healthcare-of-ohio,,Molina Healthcare,medicaid_mco,managed_medicaid|medicare_advantage|commercial,,unverified: model knowledge for size (~350k Medicaid range); Next Gen MCO and Next Gen MyCare 2026 selection verified (ODM),Medicaid-led with marketplace and duals growth.
OH,8,Humana,humana,,Humana Inc.,medicare_advantage,medicare_advantage|managed_medicaid,,unverified: model knowledge — one of the largest MA carriers in Ohio (multi-hundred-thousand MA lives) plus the Humana Healthy Horizons Next Gen Medicaid contract (contract verified via ODM),MA-dominant; Medicaid entry (2023) is its first Ohio Medicaid book.
OH,9,Cigna Healthcare,cigna-healthcare,,The Cigna Group,commercial,commercial,,unverified: model knowledge — employer ASO book concentrated in Columbus/Cincinnati/Cleveland metros,Commercial ASO only in Ohio; MA book sold/transitioning after the HCSC Medicare divestiture.
OH,10,AultCare (Aultman Health Foundation),aultcare,,Aultman Health Foundation,commercial,commercial|medicare_advantage,,"unverified: model knowledge — Canton/Stark County regional payer, roughly 250-400k lives incl. TPA business; competes with SummaCare (Akron) and AmeriHealth Caritas Ohio (~100k Medicaid) for this slot",LOW CONFIDENCE rank. Regionally essential for NE-central Ohio credentialing; AmeriHealth Caritas Ohio is captured in the Medicaid MCO list even though it missed the top 10.
OK,1,Blue Cross and Blue Shield of Oklahoma,blue-cross-and-blue-shield-of-oklahoma,,Health Care Service Corporation (HCSC),commercial,commercial|medicare_advantage,,AMA Competition in Health Insurance (2024/2025 eds.): OK listed among least-competitive commercial states with a BCBS plan as the largest insurer; BCBSOK is the only marketplace carrier in all 77 counties (forhealthinsurance.com 2026). Exact statewide all-lines % not published.,Dominant commercial carrier (fully-insured + large ASO/BlueCard book) plus Blue Cross Medicare Advantage. Single largest credentialing target in the state.
OK,2,UnitedHealthcare,unitedhealthcare,UnitedHealthcare (incl. UMR ASO),UnitedHealth Group,commercial,commercial|medicare_advantage,,AARP/UHC plans hold the top MA plan-level enrollments in OK (medicare.org/medicarewire 2025-2026 plan data); commercial #2 presence per AMA state data. No single all-lines % published.,Large employer ASO (UMR) plus the leading or co-leading MA book. No Oklahoma Medicaid (not a SoonerSelect MCO).
OK,3,Oklahoma Complete Health,oklahoma-complete-health,,Centene Corporation,medicaid_mco,managed_medicaid,,"One of three SoonerSelect MCOs since 4/1/2024 (OHCA); ~583k SoonerSelect lives split three ways, plan-level split not published. unverified: model knowledge on it holding the largest MCO share via auto-assignment.",Also serves the SoonerSelect Children's Specialty Program (foster care) statewide. Centene affiliates Ambetter (exchange) and Wellcare (MA) also operate in OK — separate credentialing contracts under the same parent.
OK,4,Humana,humana,Humana (incl. Humana Healthy Horizons in Oklahoma),Humana Inc.,medicare_advantage,medicare_advantage|managed_medicaid,,Humana is a top-2 MA carrier in OK by plan enrollment (Forbes/NerdWallet 2026 plan data); SoonerSelect MCO since 4/1/2024 (OHCA). No combined % published.,MA-led book plus one of the three SoonerSelect Medicaid contracts. Minimal commercial group presence.
OK,5,Aetna (CVS Health),aetna,Aetna (incl. Aetna Better Health of Oklahoma),CVS Health,commercial,commercial|medicare_advantage|managed_medicaid,,SoonerSelect MCO since 4/1/2024 (OHCA); Aetna Medicare among the 12 MA carriers in OK (medicare.org 2026). Commercial ASO share not published for OK.,National-account ASO commercial plus SoonerSelect Medicaid and MA. Medicaid credentialing runs through the Aetna Better Health of Oklahoma entity.
OK,6,HealthChoice (Oklahoma Office of Management and Enterprise Services / EGID),healthchoice,,State of Oklahoma (Employees Group Insurance Division),commercial,commercial,,"unverified: model knowledge — self-funded plan for state, education and local-government employees (~170-190k covered lives historically); confirmed to exist via oklahoma.gov/omes 2025 premium notices but enrollment count not verified this session.","Self-funded public-employee plan, not an insurer, but a distinct credentialing/network contract many OK groups must hold."
OK,7,CommunityCare of Oklahoma,communitycare-of-oklahoma,,JV of Saint Francis Health System and Ascension St. John (Tulsa),commercial,commercial|medicare_advantage,,unverified: model knowledge — leading Tulsa-area regional HMO/PPO; CommunityCare Senior Health Plan confirmed among OK MA carriers (medicare.org 2026).,Dominant regional in the Tulsa metro; commercial HMO/PPO plus MA.
OK,8,Cigna Healthcare,cigna-healthcare,,The Cigna Group,commercial,commercial,,unverified: model knowledge — national ASO employer book in OK; no state-specific published share found this session.,"Almost entirely self-funded employer ASO; sold its MA business to HCSC (2024), so OK MA members under Cigna brands migrated toward HCSC."
OK,9,GlobalHealth,globalhealth,,"GlobalHealth Holdings, LLC",medicare_advantage,medicare_advantage|commercial,,Oklahoma-based MA carrier rated among best OK MA HMOs (MoneyGeek/US News 2026 plan data); enrollment count not published in sources reviewed.,"Oklahoma-domiciled HMO; historically a state-employee HMO option, now predominantly Medicare Advantage."
OK,10,TRICARE West (TriWest),tricare-west,TRICARE West Region (TriWest Healthcare Alliance),TriWest Healthcare Alliance,tricare,tricare,,"Oklahoma moved from TRICARE East (Humana Military) to the West Region under TriWest effective Jan 1, 2025 (TRICARE Newsroom/DoD 2024-2025).","Relevant given Tinker AFB/Fort Sill/Vance AFB populations. Provider network contracting/credentialing now via TriWest, not Humana Military."
OR,1,Kaiser Permanente Northwest,kaiser-permanente-northwest,Kaiser Foundation Health Plan of the Northwest,Kaiser Permanente,commercial,commercial|medicare_advantage,,"Named among Oregon's largest insurers by enrollment and 'by far the largest commercial insurer' in OR market summaries (ushealthinsurancesolutions.com Oregon market update / OR DFR rate filings, 2024-2026). Exact all-lines % not published.",Closed integrated delivery system — external credentialing exposure limited to affiliated/contracted providers; large MA book in Portland metro.
OR,2,Regence BlueCross BlueShield of Oregon,regence-bluecross-blueshield-of-oregon,,Cambia Health Solutions,commercial,commercial|medicare_advantage,,Consistently cited as Oregon's second-largest insurer overall and the largest Blues licensee (OR DFR consumer guides 2024-2026; statewide individual-market participant in 2026-2027 filings).,OR's Blue licensee; large fully-insured + ASO/BlueCard book plus Regence MA. Affiliate BridgeSpan sells individual plans.
OR,3,Health Share of Oregon,health-share-of-oregon,,"Nonprofit CCO (plan partners incl. CareOregon, Kaiser, Legacy/PacificSource, OHSU, Providence)",medicaid_mco,managed_medicaid,,"Largest Oregon CCO — received the largest 2025 CCO Quality Pool allocation ($76.5M) reflecting the biggest enrollment (OHA Quality Pool Initial Estimates, Nov 2025); historically ~470-550k members.","Tri-county (Multnomah/Washington/Clackamas) CCO. Most members are administered by CareOregon; credentialing often flows through the member's plan partner, not Health Share directly."
OR,4,Providence Health Plan,providence-health-plan,,Providence (health system),commercial,commercial|medicare_advantage,,Long-standing top-4 OR carrier (OR DFR rate filings; The Lund Report insurer financials). Exited the OR individual market for 2027 (OR DCBS 2026) but retains a large group/ASO + MA book. % not published.,System-owned plan; large employer-group and Medicare Advantage books concentrated in Portland metro.
OR,5,PacificSource Health Plans,pacificsource-health-plans,PacificSource (incl. PacificSource Community Solutions CCOs),PacificSource Health Plans (nonprofit; Legacy Health affiliation),commercial,commercial|medicare_advantage|managed_medicaid,,"Named among Oregon's three largest insurers by enrollment (OR market summaries 2024-2026). CCO regions: Central Oregon, Columbia Gorge, Marion Polk; lost Lane County (~96k members) to Trillium effective Feb 1, 2026 (OHA; Lookout Eugene-Springfield).","Commercial group + individual (exiting individual market for 2027), MA, and three CCO regions. Post-Feb-2026 Medicaid book is smaller than Health Share's but still among the largest."
OR,6,Moda Health,moda-health,,"Moda Partners, Inc. (Moda Health / Delta Dental of Oregon)",commercial,commercial|medicare_advantage|managed_medicaid,,Statewide individual-market carrier every year incl. 2026-2027 (OR DFR filings); major OEBB/PEBB public-employee books. unverified: model knowledge on OEBB/PEBB share and Eastern Oregon CCO affiliation size.,Medical arm of the Moda/Delta Dental of Oregon family (dental excluded here). Anchors Eastern Oregon CCO (Medicaid) covering 12 eastern counties.
OR,7,CareOregon (incl. Columbia Pacific CCO and Jackson Care Connect),careoregon,,CareOregon (nonprofit; SCAN Group merger terminated 2024),medicaid_mco,managed_medicaid|medicare_advantage,,"unverified: model knowledge — CareOregon serves roughly 500k Oregonians across its Health Share participation plus its owned CCOs (Columbia Pacific, Jackson Care Connect) and CareOregon Advantage D-SNP. Overlaps with the Health Share row; do not double count.",The operational payer behind most Health Share members; separate CCO contracts on the north coast (Columbia Pacific) and Jackson County (Jackson Care Connect).
OR,8,UnitedHealthcare,unitedhealthcare,,UnitedHealth Group,commercial,commercial|medicare_advantage,,unverified: model knowledge — national ASO employer book plus MA presence in OR; no state-specific share published in sources reviewed.,Mostly self-funded employer ASO plus AARP/UHC Medicare Advantage. No Oregon Medicaid (CCO model has no national MCOs except Centene's Trillium).
OR,9,Trillium Community Health Plan,trillium-community-health-plan,,Centene Corporation,medicaid_mco,managed_medicaid|medicare_advantage,,"~30k CCO members before absorbing ~96k Lane County members from PacificSource on Feb 1, 2026 → ~126k (OHA; Lookout Eugene-Springfield, Feb 2026).",Only national-parent CCO. Centene affiliates Wellcare (MA) and Ambetter/Health Net of Oregon (commercial) are separate contracts under the same parent.
OR,10,Samaritan Health Plans / InterCommunity Health Network CCO,samaritan-health-plans-intercommunity-health-network-cco,,Samaritan Health Services,medicaid_mco,managed_medicaid|medicare_advantage|commercial,,unverified: model knowledge — IHN-CCO serves ~55-65k OHP members in Benton/Lincoln/Linn counties; Samaritan also sells employer group and MA plans. Not verified against OHA enrollment this session.,"System-owned regional payer for the mid-Willamette Valley/coast. Comparable-size alternates for this slot: Umpqua Health Alliance, AllCare CCO, Eastern Oregon CCO (listed under Moda)."
PA,1,Highmark Blue Cross Blue Shield / Highmark Blue Shield (incl. Highmark Wholecare),highmark-blue-cross-blue-shield-highmark-blue-shield,,Highmark Health,commercial,commercial|medicare_advantage|managed_medicaid,,"Highmark + Independence Blue Cross together cover ~53% of PA's insured population (Mark Farrah Associates brief, data as of June 30, 2024); Highmark is the statewide commercial market-share leader with ~4M health-plan members (some out-of-state).","Blue licensee for western, central and northeastern PA. Medicaid runs under the Highmark Wholecare brand (SW/NW zones). Separate Blue plans (IBX, Capital) control SE/central-east PA — region determines which Blue to credential with."
PA,2,Independence Blue Cross,independence-blue-cross,,Independence Health Group,commercial,commercial|medicare_advantage,,"Philadelphia region's largest insurer, ~3.5M commercial/Medicare/Medicaid members (Highmark Health/PBJ profile 2023; Mark Farrah 2024 combined-53% figure with Highmark).",Blue licensee for the 5-county Philadelphia region. Co-owner of AmeriHealth Caritas (listed separately). Commercial HMO entity is Keystone Health Plan East; AmeriHealth NJ/PA are affiliates.
PA,3,UPMC Health Plan (incl. UPMC for You),upmc-health-plan,,UPMC,commercial,commercial|medicare_advantage|managed_medicaid,10,"UPMC covers ~10% of total PA insured enrollment (Mark Farrah Associates brief, data as of June 30, 2024). All-lines membership ~4M+ incl. Medicaid (UPMC for You), MA (UPMC for Life), CHC.","Provider-owned; dominant in western PA head-to-head with Highmark, expanding into central PA. UPMC for You is among the largest statewide Medicaid MCOs."
PA,4,Aetna (CVS Health),aetna,Aetna,CVS Health,commercial,commercial|medicare_advantage,12,"CVS/Aetna covers ~12% of PA insured enrollment (Mark Farrah Associates brief, data as of June 30, 2024) — largely self-funded ASO.",Big national-account ASO plus MA. Lost its PA Medicaid (HealthChoices) contract in the 2022 re-procurement — no current PA Medicaid book.
PA,5,AmeriHealth Caritas Pennsylvania / Keystone First,amerihealth-caritas-pennsylvania-keystone-first,,AmeriHealth Caritas (owned by Independence Health Group + Blue Cross Blue Shield of Michigan),medicaid_mco,managed_medicaid,,"Keystone First alone = 461k / 55% of the SE HealthChoices zone (PA DHS BMCO enrollment report, Jan 2025); AmeriHealth Caritas PA adds the LC/NE/NW zones and Keystone First CHC adds MLTSS.",Largest Medicaid franchise in the state by combined brands. Separate provider contracts per brand/zone.
PA,6,Capital Blue Cross,capital-blue-cross,,Independent Blue licensee (Capital Blue Cross),commercial,commercial|medicare_advantage,,unverified: model knowledge — ~1M members in its 21-county central PA / Lehigh Valley service area; no published statewide % found this session.,"Third PA Blue licensee (central PA/Lehigh Valley), overlapping Highmark Blue Shield territory. Commercial + MA (BlueJourney)."
PA,7,Geisinger Health Plan,geisinger-health-plan,,Geisinger (Risant Health / Kaiser Foundation Hospitals),commercial,commercial|medicare_advantage|managed_medicaid,,"unverified: model knowledge — ~500-550k total members across commercial, MA (Geisinger Gold) and Medicaid (Geisinger Health Plan Family); HealthChoices MCO in LC/NE/NW/SE/SW zones per PA DHS 2025 MCO list (verified).",System-owned plan centered on central/northeastern PA. Parent Geisinger joined Risant Health (Kaiser) in 2024.
PA,8,UnitedHealthcare,unitedhealthcare,UnitedHealthcare (incl. UnitedHealthcare Community Plan of PA),UnitedHealth Group,commercial,commercial|medicare_advantage|managed_medicaid,,"HealthChoices MCO statewide expansion since 2022 award (PA DHS; 95k/11% of SE zone, Jan 2025 report). Commercial/MA share not separately published.",National ASO + MA + growing HealthChoices Medicaid book.
PA,9,Cigna Healthcare,cigna-healthcare,,The Cigna Group,commercial,commercial,,unverified: model knowledge — significant self-funded national-account ASO book (esp. Philadelphia metro); no PA-specific published share found this session.,ASO-dominant; MA book divested to HCSC (2024). No PA Medicaid.
PA,10,Jefferson Health Plans (Health Partners Plans),jefferson-health-plans,,Jefferson Health,medicaid_mco,managed_medicaid|medicare_advantage|commercial,,"Health Partners = 254k / 30% of the SE HealthChoices zone (PA DHS BMCO enrollment report, Jan 2025); also NE/LC zone participation per 2025 MCO list.",Provider-sponsored (Jefferson); Medicaid-led with MA and small commercial/exchange entry. Second-largest SE-zone Medicaid MCO after Keystone First.
RI,1,Blue Cross & Blue Shield of Rhode Island,blue-cross-and-blue-shield-of-rhode-island,,Independent BCBS licensee,commercial,commercial|medicare_advantage,70,"~70% market share reported as leading health plan in RI (company/analyst profiles incl. LeadIQ & S&P coverage, 2024-2025) — reflects overall commercial dominance, not an all-lines regulator figure.",Dominant commercial carrier plus BlueCHiP Medicare (MA). No Medicaid line.
RI,2,Neighborhood Health Plan of Rhode Island,neighborhood-health-plan-of-rhode-island,,Nonprofit (founded by RI community health centers),medicaid_mco,managed_medicaid|commercial,,"Handled >50% of RI Medicaid managed care in FY2022 (Healthcare Dive, 2024); re-awarded MCO contract effective July 1, 2025 (EOHHS). ~200k+ total members historically.",Largest Medicaid MCO; also sells HealthSource RI exchange plans and runs the INTEGRITY Medicare-Medicaid Plan for duals.
RI,3,UnitedHealthcare,unitedhealthcare,UnitedHealthcare of New England,UnitedHealth Group,commercial,commercial|medicare_advantage|managed_medicaid,,"~30% of RI Medicaid managed care in FY2022 (Healthcare Dive, 2024); re-awarded Medicaid contract effective July 1, 2025. Commercial/MA share not published.",One of only two Medicaid MCOs from July 2025; plus employer ASO and MA.
RI,4,Tufts Health Plan,tufts-health-plan,,Point32Health,commercial,commercial|medicare_advantage,,"Held ~5% of RI Medicaid managed care in FY2022 (Healthcare Dive); lost the Medicaid contract effective July 1, 2025 and RITogether members transitioned (EOHHS/Healthcare Dive). Commercial share not published.",Post-2025 book is commercial (group + exchange) and MA only. Same parent as Harvard Pilgrim (Point32Health).
RI,5,Aetna (CVS Health),aetna,Aetna,"CVS Health (headquartered in Woonsocket, RI)",commercial,commercial|medicare_advantage,,unverified: model knowledge — employer ASO (incl. CVS's own RI workforce) and MA presence; no RI-specific published share found this session.,No RI Medicaid. MA plans available statewide.
RI,6,Cigna Healthcare,cigna-healthcare,,The Cigna Group,commercial,commercial,,unverified: model knowledge — self-funded employer ASO book; no RI-specific share published.,ASO-dominant; no RI Medicaid or (post-HCSC sale) MA.
RI,7,Harvard Pilgrim Health Care (Point32Health),harvard-pilgrim-health-care,Harvard Pilgrim Health Care,Point32Health,commercial,commercial,,unverified: model knowledge — small RI commercial group book spilling over from MA/NH; no RI share published.,Same Point32Health parent as Tufts; combined Point32 RI book is modest. Credentialing consolidated under Point32Health.
RI,8,Humana,humana,,Humana Inc.,medicare_advantage,medicare_advantage,,unverified: model knowledge — MA plans offered in RI with modest enrollment; no RI-specific figure verified this session.,MA-only presence; exited employer group commercial nationally (2023-2024).
RI,9,TRICARE East (Humana Military),tricare-east,TRICARE East Region (Humana Military),Humana Inc. (Humana Military),tricare,tricare,,"RI remained in the TRICARE East Region under Humana Military in the Jan 1, 2025 realignment (TRICARE Newsroom, 2024-2025).",Relevant for Naval Station Newport catchment; small but distinct network contract.
RI,10,PACE Organization of Rhode Island,pace-organization-of-rhode-island,,Independent nonprofit PACE,medicaid_mco,managed_medicaid|medicare_advantage,,"unverified: model knowledge — RI's sole PACE program, enrollment in the hundreds. Included only because the RI market has no larger #10 candidate; Commonwealth Care Alliance (CCA Health RI) exited MA effective Jan 1, 2025 (CCA announcements).",Very small; capitated Medicare+Medicaid program for nursing-home-eligible elders. Flagged low confidence as a top-10 entry — RI's payer market is effectively 8 material payers.
SC,1,BlueCross BlueShield of South Carolina,bluecross-blueshield-of-south-carolina,,Independent BCBS licensee (also parent of BlueChoice HealthPlan),commercial,commercial|medicare_advantage,,"SC ranks among the least-competitive commercial markets with BCBS the dominant carrier; BCBS held >75% of the SC large-group market in prior AMA Competition in Health Insurance editions (AMA study coverage, 2023-2024). Exact current all-lines % not published.",Overwhelmingly dominant commercial carrier (fully-insured + ASO incl. the State Health Plan TPA role) plus MA. Its subsidiary BlueChoice runs the Healthy Blue Medicaid MCO (listed separately).
SC,2,First Choice by Select Health of South Carolina,first-choice-by-select-health-of-south-carolina,,AmeriHealth Caritas,medicaid_mco,managed_medicaid,,unverified: model knowledge — long the largest Healthy Connections MCO (~350k+ members historically); contract confirmed on SCDHHS 2025 MCO list (verified) but current plan-level enrollment not published in sources reviewed.,Largest Medicaid MCO in the state; AmeriHealth Caritas' original flagship plan (operating since 1996).
SC,3,Humana,humana,Humana (incl. Humana Healthy Horizons in South Carolina),Humana Inc.,medicare_advantage,medicare_advantage|managed_medicaid,,"Healthy Connections MCO (Humana Benefit Plan of South Carolina, Inc.; SCDHHS/humana.com, 2025) plus one of the largest SC MA books. unverified: model knowledge on MA enrollment rank.",MA-led with a growing Medicaid line; also historically strong TRICARE/military-adjacent presence in SC.
SC,4,Absolute Total Care,absolute-total-care,,Centene Corporation,medicaid_mco,managed_medicaid|commercial|medicare_advantage,,"Healthy Connections MCO (SCDHHS 2025 list, verified); Healthy Connections Prime participant. unverified: model knowledge on ~180-200k Medicaid enrollment.","Centene's SC franchise: Medicaid (Absolute Total Care) + exchange (Ambetter) + MA (Wellcare) — separate brands, one parent."
SC,5,UnitedHealthcare,unitedhealthcare,,UnitedHealth Group,commercial,commercial|medicare_advantage,,"unverified: model knowledge — top-2 national presence in SC employer ASO and MA; not a Healthy Connections MCO (absent from SCDHHS 2025 MCO list, verified).",Commercial ASO + large MA book; no current SC Medicaid contract.
SC,6,Healthy Blue South Carolina (BlueChoice HealthPlan),healthy-blue-south-carolina,,BlueChoice HealthPlan of South Carolina (BCBS SC subsidiary; historically administered in partnership with Amerigroup/Elevance),medicaid_mco,managed_medicaid,,"Healthy Connections MCO, rebrand of BlueChoice HealthPlan Medicaid (SCDHHS 2025 list, verified). Plan-level enrollment not published in sources reviewed. Elevance partnership detail is unverified: model knowledge.",Medicaid brand of the BCBS SC family — separate credentialing/contract from BCBS SC commercial.
SC,7,Molina Healthcare of South Carolina,molina-healthcare-of-south-carolina,,"Molina Healthcare, Inc.",medicaid_mco,managed_medicaid|medicare_advantage|commercial,,"Healthy Connections MCO (SCDHHS 2025 list, verified); Healthy Connections Prime participant. unverified: model knowledge on ~120-150k enrollment.",Medicaid-led with exchange and D-SNP lines.
SC,8,Aetna (CVS Health),aetna,Aetna,CVS Health,commercial,commercial|medicare_advantage,,unverified: model knowledge — employer ASO plus MA presence in SC; no SC-specific published share found this session. Not a Healthy Connections MCO.,Commercial ASO + MA.
SC,9,Cigna Healthcare,cigna-healthcare,,The Cigna Group,commercial,commercial,,unverified: model knowledge — self-funded employer ASO book; no SC-specific share published.,ASO-dominant; MA divested to HCSC (2024). No SC Medicaid.
SC,10,TRICARE East (Humana Military),tricare-east,TRICARE East Region (Humana Military),Humana Inc. (Humana Military),tricare,tricare,,"SC remained in the TRICARE East Region under Humana Military in the Jan 1, 2025 realignment (TRICARE Newsroom, 2024-2025).","Material covered-lives block given Fort Jackson, Shaw AFB, Joint Base Charleston, MCRD Parris Island. Distinct network/credentialing contract from Humana's MA/Medicaid lines."
SD,1,Wellmark Blue Cross and Blue Shield (IA & SD),wellmark-blue-cross-and-blue-shield,Wellmark Blue Cross and Blue Shield of South Dakota,"Wellmark, Inc.",commercial,commercial|medicare_advantage,40,"Total SD health market share, SD Division of Insurance data as compiled by Consumer Health Ratings, 2021",State BCBS licensee (same Wellmark parent as Iowa). Dominant commercial carrier (group + individual). Entered MA via Wellmark Advantage Health Plan. BlueCard host for out-of-state Blues members.
SD,2,Sanford Health Plan,sanford-health-plan,,Sanford Health,commercial,commercial|medicare_advantage,13.4,"Total SD health market share, SD Division of Insurance data as compiled by Consumer Health Ratings, 2021",Provider-sponsored plan of Sanford Health (Sioux Falls). One of the three carriers on the SD marketplace. MA product branded 'Align powered by Sanford Health Plan'. Note: 2021 share ranked below Avera; Sanford/Avera positions are close and vary by segment/year.
SD,3,Avera Health Plans,avera-health-plans,,Avera Health,commercial,commercial|medicare_advantage,16.6,"Total SD health market share, SD Division of Insurance data as compiled by Consumer Health Ratings, 2021 (16.6% was above Sanford's 13.4% that year; ranks 2/3 are effectively interchangeable)",Provider-sponsored plan of Avera Health (Sioux Falls). Absorbed DAKOTACARE (2016). Marketplace + group commercial; MA products in eastern SD.
SD,4,Medica,medica,,Medica (Minnesota-based nonprofit),medicare_advantage,commercial|medicare_advantage,8.2,"Total SD health market share, SD Division of Insurance data as compiled by Consumer Health Ratings, 2021",Regional carrier; one of the larger MA sellers in SD (statewide MA-PD offerings) plus some group business. Historically sold SD individual plans.
SD,5,UnitedHealthcare,unitedhealthcare,,UnitedHealth Group,commercial,commercial|medicare_advantage,,Listed among SD MA carriers (healthinsurance.org / Forbes 2025-2026 MA guides); commercial ASO book unverified: model knowledge,"National carrier present in large-group/self-funded (incl. UMR TPA) and MA. SD MA enrollment ~72k statewide across all carriers (Sept 2024), so individual-carrier MA books are small."
SD,6,Aetna (CVS Health),aetna,Aetna,CVS Health,commercial,commercial|medicare_advantage,,Listed among SD MA carriers 2025-2026 (medicare.org/Forbes); commercial book unverified: model knowledge,National-account/self-funded commercial plus MA plans in parts of SD.
SD,7,Cigna Healthcare,cigna-healthcare,,The Cigna Group,commercial,commercial,,unverified: model knowledge (national self-funded ASO presence; not on SD marketplace or MA),Presence is essentially self-funded employer ASO for national accounts; no SD marketplace or MA products.
SD,8,Great Plains Medicare Advantage,great-plains-medicare-advantage,,Great Plains Health Plan (regional; parent affiliation unverified),medicare_advantage,medicare_advantage,,Listed among the six SD MA carriers (medicare.org 2026 county listings); enrollment unverified: model knowledge,SD-focused regional MA carrier (also ND/NE/IA counties). Small enrollment; include for MA credentialing completeness.
SD,9,Humana,humana,,Humana Inc.,medicare_advantage,medicare_advantage|commercial,,unverified: model knowledge (Humana has offered PPO/group MA in SD but was not among the six individual-MA carriers listed for 2026),Low confidence on current SD footprint - primarily group/employer MA and national PPO; verify county availability before network work.
SD,10,TRICARE West (TriWest),tricare-west,TriWest Healthcare Alliance (TRICARE West Region),TriWest Healthcare Alliance,tricare,tricare,,unverified: model knowledge (TriWest assumed TRICARE West Region including SD effective Jan 2025),Military/TRICARE administrator (Ellsworth AFB population). Included for credentialing completeness; not a state-regulated commercial carrier.
TN,1,BlueCross BlueShield of Tennessee,bluecross-blueshield-of-tennessee,,"BlueCross BlueShield of Tennessee, Inc. (independent licensee)",commercial,commercial|medicare_advantage|managed_medicaid,42,"TN commercial market share, Becker's Payer Issues compilation of AMA Competition in Health Insurance data, 2024","Dominant across all lines: largest commercial carrier, largest TennCare MCO (BlueCare ~552k + TennCare Select), and significant MA (BlueAdvantage, BlueCare Plus D-SNP). Credential once for commercial/BlueCare networks but contracts differ."
TN,2,UnitedHealthcare,unitedhealthcare,UnitedHealthcare of Tennessee,UnitedHealth Group,commercial,commercial|medicare_advantage|managed_medicaid,,TennCare share 29.9% (~439k) per TennCare 2025 Managed Care Program Annual Report; total-lives share across lines not published,"All three lines: major commercial in metros, one of three TennCare MCOs, large MA book."
TN,3,Cigna Healthcare,cigna-healthcare,,The Cigna Group,commercial,commercial,,unverified: model knowledge (large self-funded ASO book anchored by Memphis-area presence; marketplace carrier per forhealthinsurance.com 2026),"Large commercial/ASO presence (historic Memphis hub) + TN marketplace. NOTE: Cigna's Medicare Advantage business (the old HealthSpring TN book) was divested to HCSC in March 2025 - MA credentialing now flows to HCSC, not Cigna."
TN,4,Wellpoint Tennessee (Elevance Health),wellpoint-tennessee,,Elevance Health,medicaid_mco,managed_medicaid|medicare_advantage,,TennCare share 29.9% (~439k members) per TennCare 2025 Managed Care Program Annual Report,"TennCare MCO, rebranded from Amerigroup Jan 2024. Also sells MA/D-SNP in TN. Elevance has no TN Blue license (BCBST is independent)."
TN,5,Humana,humana,,Humana Inc.,medicare_advantage,medicare_advantage|commercial,,Named among leading TN MA carriers (Forbes/NerdWallet 2026 TN MA guides); state MA share not published,One of the largest MA books in TN. Also administers TRICARE East (Humana Military) covering TN.
TN,6,Farm Bureau Health Plans (Tennessee),farm-bureau-health-plans,,Tennessee Farm Bureau,commercial,commercial,,"~190,000-200,000+ members per Farm Bureau Health Plans own published figures, 2024-2026",TN-only membership organization plan (since 1947). Much of its book is non-ACA-regulated coverage plus Medicare Supplement; still a materially large payer for TN practices.
TN,7,Aetna (CVS Health),aetna,Aetna,CVS Health,commercial,commercial|medicare_advantage,,unverified: model knowledge (national-account ASO + MA; listed among TN MA carriers by NerdWallet 2026),Commercial self-funded/national accounts plus MA across much of TN.
TN,8,Ambetter of Tennessee (Centene),ambetter-of-tennessee,,Centene Corporation,commercial,commercial|medicare_advantage,,"Listed among TN marketplace carriers (Celtic/Ambetter) for 2026, forhealthinsurance.com; enrollment unverified: model knowledge",ACA marketplace carrier; Centene also sells Wellcare MA in TN. Centene holds no TennCare contract.
TN,9,Oscar Health,oscar-health,Oscar Health (Tennessee),"Oscar Health, Inc.",commercial,commercial,,"Listed among six TN marketplace carriers for 2026, forhealthinsurance.com; enrollment unverified: model knowledge",Individual marketplace only (Nashville/Memphis metros primarily).
TN,10,Devoted Health,devoted-health,Devoted Health (Tennessee),"Devoted Health, Inc.",medicare_advantage,medicare_advantage,,Listed among 13 TN MA carriers (NerdWallet 2026); enrollment unverified: model knowledge,"Fast-growing MA entrant in TN metros. Other niche TN MA payers: Alliant Health Plans (marketplace), Zing Health, American Health Advantage of TN (I-SNP)."
TX,1,Blue Cross and Blue Shield of Texas (HCSC),blue-cross-and-blue-shield-of-texas,,Health Care Service Corporation,commercial,commercial|medicare_advantage|managed_medicaid,25,"Share of TX health/accident insurance market, Texas Department of Insurance data as reported by InsuranceNewsNet, 2022","Largest TX payer by a wide margin (>2x #2). All lines: dominant commercial (fully-insured + ASO), MA (expanded further after HCSC acquired Cigna's Medicare business in 2025), and a Medicaid STAR/CHIP book."
TX,2,UnitedHealthcare,unitedhealthcare,UnitedHealthcare of Texas,UnitedHealth Group,commercial,commercial|medicare_advantage|managed_medicaid,10,"Share of TX health/accident insurance market, Texas Department of Insurance data as reported by InsuranceNewsNet, 2022","Second-largest overall: large commercial/ASO, one of the biggest MA books in TX, and STAR/STAR+PLUS/STAR Kids MCO contracts."
TX,3,Superior HealthPlan (Centene),superior-healthplan,,Centene Corporation,medicaid_mco,managed_medicaid|commercial|medicare_advantage,,"Longest-standing TX MCO serving 9 SDAs plus the statewide STAR Health foster-care contract (HHSC service-area documents, 2025-2026); widely reported as the largest TX Medicaid MCO - exact enrollment not verified in this pass","Centene's TX flagship: ~1M+ Medicaid/CHIP lives (model knowledge), plus Ambetter marketplace and Wellcare MA under the same parent. Separate credentialing/contracting from Ambetter in practice."
TX,4,Aetna (CVS Health),aetna,Aetna (Texas),CVS Health,commercial,commercial|medicare_advantage|managed_medicaid,,"unverified: model knowledge (top-4 national carrier with large TX ASO/fully-insured book, MA, and Aetna Better Health of Texas MCO)",Commercial + MA + Medicaid (Aetna Better Health STAR/CHIP in Tarrant/Bexar SDAs).
TX,5,Cigna Healthcare,cigna-healthcare,Cigna Healthcare (Texas),The Cigna Group,commercial,commercial,,unverified: model knowledge (large self-funded/ASO employer book in TX metros),Almost entirely commercial ASO after selling its MA business to HCSC (closed 2025) and exiting Medicaid (Cigna-HealthSpring STAR+PLUS book previously transferred).
TX,6,Humana,humana,Humana (Texas),Humana Inc.,medicare_advantage,medicare_advantage|commercial,,unverified: model knowledge (Humana is a top-2 national MA carrier with one of its larger state books in TX; KFF 2025 shows UHC+Humana = 46% of national MA),MA-dominant (individual + group + D-SNP) across TX metros; small remaining commercial presence.
TX,7,Wellpoint Texas (Elevance Health),wellpoint-texas,,Elevance Health,medicaid_mco,managed_medicaid|medicare_advantage,,"Serves 4 SDAs incl. STAR+PLUS (HHSC/Brevy Care MCO guides, 2025-2026); enrollment not verified in this pass","Major STAR+PLUS (LTSS) MCO, rebranded from Amerigroup. Also MA/D-SNP. Elevance holds no TX Blue license."
TX,8,Molina Healthcare of Texas,molina-healthcare-of-texas,,"Molina Healthcare, Inc.",medicaid_mco,managed_medicaid|medicare_advantage|commercial,,"Serves 9 SDAs across STAR/STAR+PLUS/CHIP (HHSC/Brevy Care MCO guides, 2025-2026); enrollment not verified in this pass","Medicaid-led, plus marketplace and D-SNP/MMP-successor products."
TX,9,Baylor Scott & White Health Plan,baylor-scott-and-white-health-plan,,Baylor Scott & White Health,commercial,commercial|medicare_advantage|managed_medicaid,,"unverified: model knowledge (largest provider-sponsored plan in TX, ~several hundred thousand lives across commercial/ASO, marketplace, MA, and a regional Medicaid book)",Provider-sponsored regional (Central/North TX). Narrow-network commercial + marketplace + MA.
TX,10,Community Health Choice (TX),community-health-choice,,Harris Health System (Harris County),medicaid_mco,managed_medicaid|commercial,,unverified: model knowledge (~350-400k members across STAR/CHIP and one of the largest Houston-area marketplace books); HHSC lists it among STAR+PLUS MCOs 2025-2026,"Houston-region nonprofit MCO + major local marketplace carrier. Comparable in size: Texas Children's Health Plan (~450k, Harris/Jefferson/NE SDAs) - arguably interchangeable with rank 10; also notable regionals: Parkland Community Health Plan (Dallas), Driscoll Health Plan (South TX), Cook Children's Health Plan (Tarrant), El Paso Health, Community First (San Antonio)."
UT,1,SelectHealth (Intermountain),selecthealth,,Intermountain Health,commercial,commercial|medicare_advantage|managed_medicaid,38,"Share of UT comprehensive health premium ($3.96B), Utah Insurance Department 2024 Health Insurance Market Report (Becker's/AMA put its commercial share at ~46% in 2024)","Dominant integrated payer (Intermountain). All lines: largest commercial + marketplace (~278k marketplace members), MA, and a Medicaid ACO contract."
UT,2,Regence BlueCross BlueShield of Utah (Cambia),regence-bluecross-blueshield-of-utah,,Cambia Health Solutions,commercial,commercial|medicare_advantage,12.6,"Share of UT comprehensive health premium ($1.31B), Utah Insurance Department 2024 Health Insurance Market Report",State Blue licensee; anchors PPO designs. Commercial (fully-insured + ASO/BlueCard) plus MA. No Medicaid line in UT.
UT,3,UnitedHealthcare,unitedhealthcare,UnitedHealthcare (Utah),UnitedHealth Group,commercial,commercial|medicare_advantage,,Named among top UT MA carriers (forhealthinsurance.com/thepocketprotector 2026); commercial/ASO book unverified: model knowledge,Large-group/ASO (incl. UMR) plus one of the bigger UT MA books. No UT Medicaid ACO contract.
UT,4,PEHP Health & Benefits,pehp-health-and-benefits,,Utah Retirement Systems (public trust),commercial,commercial,,"unverified: model knowledge (self-funded public trust covering State of Utah employees, many political subdivisions and school districts - roughly 150k+ lives; not in DOI premium-based market shares because self-funded)",Self-funded public-employee trust with its own provider network and credentialing - a top-5 payer by lives that premium-based market reports undercount.
UT,5,Molina Healthcare of Utah,molina-healthcare-of-utah,,"Molina Healthcare, Inc.",medicaid_mco,managed_medicaid|commercial|medicare_advantage,,"One of four contracted Medicaid ACO plans (Utah DHHS, 2025); enrollment not verified in this pass",Medicaid ACO + CHIP + marketplace + D-SNP. Longstanding UT Medicaid incumbent.
UT,6,University of Utah Health Plans (Healthy U),university-of-utah-health-plans,,University of Utah Health,medicaid_mco,managed_medicaid|commercial,,Contracted Medicaid ACO (Healthy U) per Utah DHHS 2025; individual-marketplace scale per forhealthinsurance.com (SelectHealth + U of U Health Plans ~60% of UT individual marketplace),Provider-sponsored: Healthy U Medicaid ACO + CHIP + individual marketplace + employer plans.
UT,7,Aetna (CVS Health),aetna,Aetna (Utah),CVS Health,commercial,commercial|medicare_advantage,,Named among top UT MA carriers 2026 (thepocketprotector.com); commercial book unverified: model knowledge,National-account ASO plus MA along the Wasatch Front.
UT,8,Cigna Healthcare,cigna-healthcare,Cigna Healthcare (Utah),The Cigna Group,commercial,commercial,,unverified: model knowledge (self-funded ASO for multi-state employers; no UT marketplace or MA presence of note),ASO-only footprint in practice.
UT,9,EMI Health,emi-health,,Educators Mutual Insurance Association,commercial,commercial,,"unverified: model knowledge (long-standing UT regional carrier, historically education-sector group medical + dental; medical lives modest)",UT regional; heavy in school-district and small-group business (also a large dental writer - dental excluded from this ranking).
UT,10,Health Choice Utah,health-choice-utah,,Blue Cross Blue Shield of Arizona (acquired Health Choice from Steward),medicaid_mco,managed_medicaid,,One of four contracted Medicaid ACO plans (Utah DHHS 2025 provider training / member guide); parent attribution unverified: model knowledge,Smallest of the four Medicaid ACOs. Humana also sells MA in UT at comparable scale (verify if MA-focused). Parent-org lineage (Steward -> BCBSAZ) flagged low confidence - confirm before contracting.
VA,1,Anthem Blue Cross and Blue Shield of Virginia (Elevance),anthem-blue-cross-and-blue-shield-of-virginia,Anthem Blue Cross and Blue Shield Virginia / HealthKeepers (Elevance),Elevance Health,commercial,commercial|medicare_advantage|managed_medicaid,,"AMA Competition in Health Insurance (2024): Anthem holds the largest commercial share in most VA MSAs, ranging roughly 44-75% (e.g., Harrisonburg 75%, Blacksburg 66%, Virginia Beach-Norfolk 53%). No single statewide all-lines figure published.",Dominant statewide commercial carrier (HMO business runs through HealthKeepers Inc.); largest Cardinal Care MCO by enrollment and holder of the statewide Foster Care Specialty Plan under the July 2025 contract; also sells MA. Credential with HealthKeepers Inc. for HMO/Medicaid products.
VA,2,Sentara Health Plans (formerly Optima Health),sentara-health-plans,,Sentara Health,commercial,commercial|medicare_advantage|managed_medicaid,,"Sentara corporate materials (2024-2025): ~1 million members across commercial, Medicare, Medicaid (VA + a small FL book). AMA 2024 shows Sentara #2 in Hampton Roads (22% of Virginia Beach-Norfolk commercial market).",Provider-sponsored plan strongest in Hampton Roads; absorbed Virginia Premier. Cardinal Care MCO as Sentara Community Plan under the July 2025 contract. Rebranded from Optima Health in 2023.
VA,3,Aetna (CVS Health),aetna,,CVS Health,commercial,commercial|medicare_advantage|managed_medicaid,,unverified: model knowledge (no statewide all-lines figure found in 2023-2026 searches),"Large commercial/ASO book (incl. the Innovation Health JV with Inova in northern VA and federal-employee business), incumbent Cardinal Care MCO (Aetna Better Health of Virginia, retained in the July 2025 contract), and MA."
VA,4,UnitedHealthcare,unitedhealthcare,,UnitedHealth Group,commercial,commercial|medicare_advantage|managed_medicaid,,"unverified: model knowledge (national #1 carrier with substantial VA fully-insured + ASO, MA, and Medicaid books; no VA-specific all-lines figure found)","Incumbent Cardinal Care MCO (UnitedHealthcare of the Mid-Atlantic, retained in the July 2025 contract); significant MA and self-funded ASO presence statewide."
VA,5,CareFirst BlueCross BlueShield,carefirst-bluecross-blueshield,CareFirst BlueCross BlueShield (northern VA),CareFirst Inc.,commercial,commercial|medicare_advantage,,unverified: model knowledge (CareFirst is the BCBS licensee for the DC-adjacent northern Virginia counties; large federal-employee and commercial book there),"BCBS licensee ONLY for the northern Virginia suburbs of Washington DC (Anthem holds the rest of the state); heavy FEHB/BlueChoice presence. Credentialing runs through CareFirst, not Anthem, in that service area."
VA,6,Kaiser Permanente Mid-Atlantic States,kaiser-permanente-mid-atlantic-states,Kaiser Foundation Health Plan of the Mid-Atlantic States,Kaiser Permanente,commercial,commercial|medicare_advantage,,unverified: model knowledge (Kaiser Mid-Atlantic reports ~800k members across DC/MD/VA; the northern-VA slice is a few hundred thousand),Closed-model HMO in northern Virginia only; limited external credentialing (contracts mainly for out-of-plan/ancillary coverage).
VA,7,Cigna Healthcare,cigna-healthcare,,The Cigna Group,commercial,commercial|medicare_advantage,,unverified: model knowledge (large national ASO/self-funded administrator with concentration in northern VA and Richmond employer accounts),"Mostly self-funded ASO lives; sold its Medicare Advantage business to HCSC (closed 2025), so MA is winding down under the Cigna brand."
VA,8,Humana,humana,,Humana Inc.,medicare_advantage,medicare_advantage|managed_medicaid|tricare,,DMAS July 2025 CCMC implementation bulletins confirm Humana Healthy Horizons in Virginia as the new fifth MCO (absorbing Molina's members); MA position is model knowledge (Humana is a top-2 VA MA carrier).,"Major MA carrier; NEW Cardinal Care MCO effective July 1, 2025; Humana Military administers TRICARE East, which covers Virginia's large military population."
VA,9,Molina Complete Care (Molina Healthcare),molina-complete-care,,Molina Healthcare,medicaid_mco,managed_medicaid|medicare_advantage,,"DMAS bulletins (2025): Molina lost the CCMC rebid and exited June 30, 2025; members transitioned to Humana Healthy Horizons.","Was a top Medicaid MCO through mid-2025; now exiting/exited the VA Medicaid market. Keep in reference tables for run-out claims and any residual MA/marketplace presence, but deprioritize for new credentialing."
VA,10,Piedmont Community Health Plan,piedmont-community-health-plan,,Centra Health,commercial,commercial,,unverified: model knowledge (small provider-sponsored regional plan; included as the largest remaining Virginia-domiciled commercial payer after the carriers above),Lynchburg/central-VA regional plan sponsored by Centra Health. Low confidence on the #10 slot - the gap between the top 8 and everything else in VA is large.
VT,1,Blue Cross and Blue Shield of Vermont,blue-cross-and-blue-shield-of-vermont,,Blue Cross Blue Shield of Michigan (affiliation completed 2023),commercial,commercial|medicare_advantage,,"Dominant carrier: 45,182 QHP members (individual + small group) in 2024 per VT DFR/Vermont Business Magazine, plus the majority of large-group/ASO; VT ranked among the 10 least competitive commercial markets (AMA, 2024 data). Total-lives % not published","State Blue licensee, one of only two carriers on Vermont Health Connect (EPO). MA affiliate Vermont Blue Advantage (~26k) did NOT renew individual MA for 2026 - MA book winding down."
VT,2,MVP Health Care (VT),mvp-health-care,,"MVP Health Care (Schenectady, NY nonprofit)",commercial,commercial,,"Second of the two Vermont Health Connect carriers: ~25.6k QHP members Feb 2024 (15,027 small group + 10,616 individual) per VT DFR/Vermont Business Magazine",Only other VT marketplace carrier (HMO statewide) + group business. Its VT Medicare Advantage plans (incl. the UVM Health Advantage co-branded product) exited after 2024.
VT,3,Cigna Healthcare,cigna-healthcare,Cigna Healthcare (VT),The Cigna Group,commercial,commercial,,unverified: model knowledge (files annual reports with VT DFR; meaningful self-funded ASO book for larger VT employers; NOT in the individual market per forhealthinsurance.com 2026),ASO/self-funded only.
VT,4,UnitedHealthcare,unitedhealthcare,UnitedHealthcare (VT),UnitedHealth Group,medicare_advantage,medicare_advantage|commercial,,"Covered ~70% of VT MA enrollees as of 2021 (VTDigger, Oct 2024); ~7,800 individual MA members losing coverage as UHC exits individual MA for 2026 (VTDigger, Oct 2025)",Historically the VT MA leader; exiting individual MA in 2026 (group MA and some national-account commercial remain). Verify current products before network work.
VT,5,Humana,humana,Humana (VT),Humana Inc.,medicare_advantage,medicare_advantage,,"The only individual MA carrier remaining in VT for 2026, in 6 counties (Bennington, Caledonia, Essex, Orange, Windham, Windsor) per VTDigger, Oct 2025",Small book; only remaining individual MA option in parts of VT for 2026.
VT,6,Aetna (CVS Health),aetna,Aetna (VT),CVS Health,commercial,commercial,,unverified: model knowledge (small ASO/national-account presence only; no VT marketplace or individual MA products),Marginal VT footprint; include only for national-account self-funded members.
WA,1,Premera Blue Cross,premera-blue-cross,,Premera (independent BCBS licensee),commercial,commercial|medicare_advantage,,Mark Farrah Associates / WA OIC market reports identify Premera as the largest WA commercial insurer; WA is among the least concentrated states (top carrier ~21% per AMA-cited reporting). No all-lines statewide figure published.,"Largest commercial carrier (fully-insured + large ASO book incl. Microsoft, Amazon accounts); also sells MA. LifeWise is its individual-market affiliate."
WA,2,Regence BlueShield (Cambia),regence-blueshield,,Cambia Health Solutions,commercial,commercial|medicare_advantage,,Mark Farrah Associates / WA OIC market reports place Cambia/Regence among the top three WA commercial insurers (2021-2024 briefs); no all-lines statewide figure published.,BCBS licensee for most of western WA (Asuris operates in eastern WA counties); administers the state-employee Uniform Medical Plan (PEBB/SEBB) as TPA; MA under Regence BlueAdvantage.
WA,3,Molina Healthcare of Washington,molina-healthcare-of-washington,,Molina Healthcare,medicaid_mco,managed_medicaid|medicare_advantage|commercial,,WA HCA Apple Health enrollment reports (2024-2025) show Molina as the largest Apple Health MCO; plan-level counts are published monthly by HCA (roughly 800k-1M Medicaid lives pre/post unwinding). Exact 2025 figure not captured in search results.,Largest Medicaid plan in the state by a wide margin; also sells marketplace and D-SNP/MA products. May rank #2 overall by covered lives depending on Premera/Regence ASO counts - ordering vs Regence is low-confidence.
WA,4,Kaiser Permanente Washington,kaiser-permanente-washington,Kaiser Foundation Health Plan of Washington,Kaiser Permanente,commercial,commercial|medicare_advantage,,"unverified: model knowledge (~650-700k members in WA per Kaiser reporting; former Group Health Cooperative, acquired 2017)",Integrated HMO centered on Puget Sound + Spokane; large MA book. Separate legal entity from Kaiser Foundation Health Plan of the Northwest (which covers Clark/Cowlitz counties in SW WA from Portland) - credential with the right entity by county.
WA,5,UnitedHealthcare,unitedhealthcare,,UnitedHealth Group,commercial,commercial|medicare_advantage|managed_medicaid,,"unverified: model knowledge (national carrier with WA ASO/fully-insured, a top-2 WA MA book, and an Apple Health contract)",Apple Health MCO (statewide per HCA); substantial MA and self-funded commercial presence.
WA,6,Coordinated Care of Washington (Centene),coordinated-care-of-washington,,Centene Corporation,medicaid_mco,managed_medicaid|commercial,,WA HCA managed care reports (2024-2025) list Coordinated Care among the five Apple Health MCOs; it is the #2 Apple Health plan by enrollment per HCA monthly reports (exact figure not captured).,Centene's WA subsidiary; holds the statewide Apple Health foster-care contract; Ambetter is a leading WA marketplace brand.
WA,7,Community Health Plan of Washington,community-health-plan-of-washington,,Washington Association for Community Health (community health centers),medicaid_mco,managed_medicaid|medicare_advantage,,WA HCA managed care reports (2024-2025) list CHPW among the five Apple Health MCOs (the only local non-profit); roughly 250-290k members per CHPW materials - unverified exact figure.,FQHC-sponsored non-profit; Apple Health plus D-SNP MA. Network anchored on community health centers.
WA,8,Aetna (CVS Health),aetna,,CVS Health,commercial,commercial|medicare_advantage,,unverified: model knowledge (national ASO/fully-insured presence in WA employer market plus MA; no WA-specific figure found),Commercial/ASO and MA only in WA - Aetna does NOT hold an Apple Health contract.
WA,9,Cigna Healthcare,cigna-healthcare,,The Cigna Group,commercial,commercial,,unverified: model knowledge (self-funded ASO administrator for large WA employers; no WA-specific figure found),Predominantly ASO lives; MA sold to HCSC (2025).
WA,10,Wellpoint Washington (Elevance),wellpoint-washington,,Elevance Health,medicaid_mco,managed_medicaid|medicare_advantage,,WA HCA managed care reports (2024-2025): Wellpoint Washington (formerly Amerigroup Washington) is the fifth and smallest statewide Apple Health MCO; exact enrollment not captured.,Rebranded from Amerigroup to Wellpoint in 2024 - both names appear in provider systems. Humana (MA-only in WA) is the closest contender for this #10 slot; low confidence between them.
WI,1,UnitedHealthcare,unitedhealthcare,,UnitedHealth Group,commercial,commercial|medicare_advantage|managed_medicaid,,"Mark Farrah Associates WI brief: UnitedHealthcare + Anthem combined cover ~44% of WI health insurance enrollment (2021-2024 analyses), concentrated in metro Milwaukee; UHC is the larger of the two. No standalone UHC percentage published.","Largest all-lines carrier: big commercial/ASO book, the top-rated and one of the largest BadgerCare HMOs, and a leading WI MA carrier."
WI,2,Anthem Blue Cross and Blue Shield of Wisconsin (Elevance),anthem-blue-cross-and-blue-shield-of-wisconsin,Anthem Blue Cross and Blue Shield Wisconsin (Elevance),Elevance Health,commercial,commercial|medicare_advantage|managed_medicaid,,Mark Farrah Associates WI brief: UHC + Anthem combined ~44% of state enrollment (2021-2024 analyses).,The state's BCBS licensee; commercial + BadgerCare Plus HMO (via Compcare) + MA.
WI,3,Dean Health Plan by Medica,dean-health-plan-by-medica,,Medica (Dean merged into Medica 2021; SSM Health remains the provider partner),commercial,commercial|medicare_advantage|managed_medicaid,10,"Mark Farrah Associates WI brief: Medica group (incl. Dean) covers ~10% of people insured in Wisconsin (statewide enrollment share, 2021-2024 analysis).","Madison-based provider-sponsored plan (SSM Health/Dean clinics); commercial, BadgerCare HMO, and MA (Dean Advantage)."
WI,4,Quartz Health,quartz-health,,"Quartz Health Solutions (UW Health, Gundersen/Emplify, Advocate Aurora ownership)",commercial,commercial|medicare_advantage|managed_medicaid,7,Mark Farrah Associates WI brief: Quartz covers ~7% of those covered statewide (2021-2024 analysis; strongest in 38 south-central/southwestern counties).,"UW Health-anchored provider-sponsored plan; commercial, BadgerCare HMO, MA."
WI,5,Security Health Plan (Marshfield Clinic),security-health-plan,,Marshfield Clinic Health System (Sanford Health merger completed 2025),commercial,commercial|medicare_advantage|managed_medicaid,,WI DHS materials confirm Security Health Plan serves 49 counties in central/northcentral/western WI as a BadgerCare HMO; total membership ~200k+ per plan materials (unverified exact figure).,"Dominant plan in rural central/northern WI; commercial, BadgerCare, MA (Advocare)."
WI,6,Molina Healthcare of Wisconsin (incl. My Choice Wisconsin),molina-healthcare-of-wisconsin,,Molina Healthcare,medicaid_mco,managed_medicaid|medicare_advantage|commercial,,"WI DHS BadgerCare HMO list (2024-2026) confirms Molina as a contracted HMO; Molina acquired My Choice Wisconsin (Family Care/SSI LTSS, ~44k members) in 2023 - combined WI Medicaid book is one of the state's largest (unverified exact figure).",BadgerCare + SSI + Family Care LTSS + marketplace; scored lowest (2.4/5) on the 2024 DHS HMO report card.
WI,7,Humana,humana,Humana (incl. iCare),Humana Inc.,medicare_advantage,medicare_advantage|managed_medicaid,,"unverified: model knowledge (Humana is a top-2 WI MA carrier per KFF MA enrollment patterns; iCare - Independent Care Health Plan, Milwaukee - is its Medicaid SSI/BadgerCare/D-SNP subsidiary, acquired 2020)",MA-led book plus iCare's Milwaukee-centered Medicaid SSI/D-SNP business.
WI,8,Network Health,network-health,,Froedtert Health + Ascension Wisconsin (joint ownership),commercial,commercial|medicare_advantage,,unverified: model knowledge (~170k members across commercial and a leading NE-WI MA book; Menasha/Milwaukee service areas),Provider-sponsored; strong MA position in the Fox Valley and Milwaukee.
WI,9,MHS Health Wisconsin (Centene),mhs-health-wisconsin,,Centene Corporation,medicaid_mco,managed_medicaid|commercial,,WI DHS BadgerCare HMO list (2024-2026) confirms MHS Health Wisconsin as a contracted HMO - one of the larger BadgerCare books (unverified exact figure).,Centene's WI Medicaid subsidiary; Ambetter marketplace affiliate.
WI,10,Chorus Community Health Plans (Children's Wisconsin),chorus-community-health-plans,,Children's Wisconsin,medicaid_mco,managed_medicaid|commercial,,WI DHS / plan materials (2024-2026): BadgerCare HMO available in 68 of 72 counties; ~140k+ members (unverified exact figure).,"Pediatric-system-sponsored BadgerCare HMO with broad county coverage + small individual/marketplace book. WI is highly fragmented: GHC of South Central WI, GHC of Eau Claire, MercyCare, Aspirus Health Plan, WPS, WEA Trust (exited 2022), and Common Ground (exited) all sit just outside this top 10 - low confidence on slots 8-10."
WV,1,Highmark Blue Cross Blue Shield West Virginia,highmark-blue-cross-blue-shield-west-virginia,,Highmark Health,commercial,commercial|medicare_advantage|managed_medicaid,,"Highmark/eHealth materials (2024): largest commercial insurer in WV, ~250,000 members through its own book plus BlueCard host volume; no statewide percentage published in sources found.",Dominant commercial carrier; MA under Freedom Blue. Its Medicaid affiliate Highmark Health Options WV (listed separately below) launched Aug 2024. Credentialing for commercial/MA vs Medicaid runs through different Highmark entities.
WV,2,The Health Plan (WV),the-health-plan,,"The Health Plan of West Virginia Inc. (independent, provider-affiliated non-profit)",commercial,commercial|medicare_advantage|managed_medicaid,,"BMS Mountain Health Trust materials (2025) confirm THP as one of four Medicaid MCOs; overall #2 ranking is model knowledge (THP reports ~200k+ total members across Medicaid, commercial, MA, self-funded TPA) - unverified.","Wheeling-based; the state's homegrown full-line plan - Mountain Health Trust MCO, commercial/ASO (incl. many WV municipal and hospital-system accounts), and MA."
WV,3,Aetna (CVS Health),aetna,Aetna (CVS Health) / Aetna Better Health of West Virginia,CVS Health,medicaid_mco,managed_medicaid|commercial|medicare_advantage,,BMS Mountain Health Trust materials (2025) confirm Aetna Better Health of WV as a Medicaid MCO; it has historically been the largest MHT MCO by enrollment (model knowledge - exact 2025 plan-level split not captured).,Longest-tenured and historically largest WV Medicaid MCO (legacy Coventry); plus commercial and MA books.
WV,4,UnitedHealthcare,unitedhealthcare,UnitedHealthcare / UMR,UnitedHealth Group,commercial,commercial|medicare_advantage,,"unverified: model knowledge (UMR administers the self-funded WV PEIA public-employee plans, ~200k covered lives, plus UHC MA and commercial; no published all-lines figure found)","Counting UMR's PEIA ASO lives, UHG plausibly ranks #2-#4 in WV covered lives; flagged low-confidence ordering vs THP/Aetna. No WV Medicaid contract."
WV,5,Wellpoint West Virginia (Elevance),wellpoint-west-virginia,,Elevance Health,medicaid_mco,managed_medicaid|medicare_advantage,,BMS Mountain Health Trust materials (2025) confirm Wellpoint WV as one of four Medicaid MCOs (exact enrollment split not captured).,Longstanding MHT MCO under the UniCare name; rebranded Wellpoint in 2024 - both names persist in provider directories. Also D-SNP MA.
WV,6,Highmark Health Options West Virginia,highmark-health-options-west-virginia,,Highmark Health,medicaid_mco,managed_medicaid,,"BMS/WVU Medicine announcements (2024-2025): new fourth MHT MCO, coverage effective Aug 1, 2024; contracted with WVU Health System. Enrollment still ramping - exact count not published in sources found.",First BCBS-branded Medicaid plan in WV; separate credentialing path from Highmark BCBS WV commercial.
WV,7,Peak Health (WVU Medicine),peak-health,,West Virginia University Health System,commercial,commercial|medicare_advantage,,unverified: model knowledge (provider-sponsored plan launched 2023-2024: MA products plus WVU Medicine employee/self-funded and commercial business; growing fast but small absolute base),WVU Medicine's own health plan - strategically important for credentialing in north-central WV even while enrollment is modest.
WV,8,Humana,humana,,Humana Inc.,medicare_advantage,medicare_advantage,,unverified: model knowledge (Humana is a top-2 WV MA carrier alongside Highmark/UHC per KFF MA state data patterns; WV has high MA penetration),MA-only presence in WV (no Medicaid or meaningful commercial).
WV,9,Cigna Healthcare,cigna-healthcare,,The Cigna Group,commercial,commercial,,unverified: model knowledge (ASO administrator for some multi-state employers with WV workforces),"Thin WV footprint, mostly ASO."
WV,10,CareSource West Virginia (marketplace),caresource-west-virginia,CareSource (WV marketplace),CareSource,commercial,commercial,,unverified: model knowledge (CareSource has sold ACA marketplace plans in WV since 2019; WV's individual market is small - Highmark + CareSource are the main exchange carriers),One of only a few WV ACA exchange carriers; low confidence on the #10 slot - WV's market thins out quickly after the top ~7.
WY,1,Blue Cross Blue Shield of Wyoming,blue-cross-blue-shield-of-wyoming,,Blue Cross Blue Shield of Wyoming (independent licensee),commercial,commercial|medicare_advantage,,"OpenPayer/NAIC-derived WY market analysis (2024): BCBSWY writes the largest premium volume; top two carriers (BCBSWY + UnitedHealth Group) control over 60% of the WY market, top three over 72% (premium-based share, not all-lines covered lives).","Dominant carrier across individual, small/large group, FEHB, and Medicare supplement; launched MA products recently (small). The default first credentialing target in WY."
WY,2,UnitedHealthcare,unitedhealthcare,UnitedHealthcare / UMR,UnitedHealth Group,commercial,commercial|medicare_advantage,,OpenPayer/NAIC-derived WY analysis (2024): UnitedHealth Group is the #2 WY payer by premium; combined with BCBSWY >60% of market.,Much of UHG's WY presence is UMR-administered self-funded employer business plus MA.
WY,3,Mountain Health CO-OP,mountain-health-co-op,,Montana Health CO-OP (member-governed CO-OP operating in MT/ID/WY),commercial,commercial,,OpenPayer/NAIC-derived WY analysis (2024): third-largest WY payer by premium; one of only two WY ACA marketplace carriers alongside BCBSWY.,Individual/small-group marketplace carrier; the last surviving ACA CO-OP family.
WY,4,Cigna Healthcare,cigna-healthcare,,The Cigna Group,commercial,commercial,,OpenPayer WY analysis (2024) lists Cigna among carriers with a presence well behind the leaders; model knowledge: Cigna administers the self-funded State of Wyoming Employees' Group Insurance medical plan (ASO lives not in premium-share data).,"Counting the state-employee ASO book and Allegiance TPA lives, Cigna plausibly ranks #3-#4 by covered lives - low confidence ordering vs Mountain Health CO-OP."
WY,5,Aetna (CVS Health),aetna,,CVS Health,commercial,commercial|medicare_advantage,,OpenPayer WY analysis (2024) names CVS Group among carriers maintaining a presence far behind the leaders.,Small commercial/ASO plus limited MA.
WY,6,Humana,humana,,Humana Inc.,medicare_advantage,medicare_advantage,,"OpenPayer WY analysis (2024) names Humana among carriers with a small presence; WY has the lowest MA penetration in the country (KFF MA state data, 2024-2025), so all WY MA books are small.",MA only; tiny absolute enrollment given WY's minimal MA uptake.
WY,7,TRICARE West (TriWest),tricare-west,TriWest Healthcare Alliance (TRICARE West Region),TriWest Healthcare Alliance,tricare,tricare,,"unverified: model knowledge (TriWest assumed the TRICARE West Region contract - including WY - from Health Net Federal Services effective Jan 1, 2025)",Relevant for credentialing near F.E. Warren AFB (Cheyenne) and for VA Community Care Network (TriWest also holds VA CCN Region 4).
WY,8,Original Medicare & Wyoming Medicaid (direct FFS enrollment),original-medicare-and-wyoming-medicaid,Medicare (FFS via Noridian) / Wyoming Medicaid (FFS) - direct government enrollment,CMS / Wyoming Department of Health,commercial,,,"Structural note, not a ranked carrier: because WY has near-zero MA penetration and FFS-only Medicaid, original Medicare and Wyoming Medicaid direct enrollment cover more WY lives than any private carrier except BCBSWY.",Included as a reference-table reminder rather than a competitive payer. Wyoming's private market genuinely supports only ~7 distinct medical payers - ranks 8-10 would be fabrication; the market thins to supplemental/indemnity carriers (excluded per scope) beyond the entries above.
